number,abbr,ady,teklip_sany,tema-1-teklip,tema-2-teklip,tema-3-teklip,tema-4-teklip,tema-5-teklip,tema-6-teklip,tema-7-teklip,tema-8-teklip,tema-9-teklip,tema-10-teklip,tema-11-teklip,tema-12-teklip,tema-13-teklip,tema-14-teklip,tema-15-teklip,tema-16-teklip,tema-17-teklip
1,TDU,Magtymguly adyndaky Türkmen döwlet uniwersiteti,85,"Gahryman Arkadagymyzyň öňe süren tekliplerini durmuşa ornaşdyrmak bilen baglylykda wagyz-nesihat maslahataryny geçirmek, bu babatda köpçülikleýin habar beriş serişdelerinde professor-mugallymlaryň we talyplaryň çykyşlaryny guramak we gepleşikleri taýýarlamak","1.  Dünýäniň öňdebaryjy ýokary okuw mekdepleriniň tejribesini öwrenmek arkaly başarnyklara esaslanýan täze hünär bilim maksatnamalar ulgamyny döretmek üçin kadalaşdyryjy we okuw-usulyýet resminamalar toplumyny işläp düzmek, şeýle-de professor-mugallymlaryň hünär derejelerini yzygiderli ýokarlandyrmak. 
2. Ýokary okuw mekdeplerinde açyk elektron kitaphanany döretmek we ol kitaphanany türkmen we daşary ýurt kitaplary bilen yzygiderli üpjün etmek, ýurdumyzyň ýokary okuw mekdepleriniň halkara indeksirlenýän (Scopus, Web Of Science)  ylmy žurnallarynyň abunasyna ýazylmagyny gazanmak.","Bilimiň ähli basgançaklarynda ýaşlarda halk pedagogikasy boýunça watançylyk, milli miras we döwlet buýsanjyny güýçlendirmek. ","Ýurdumyzyň ýokary okuw mekdepleriniň ykdysady garaşsyzlygyny gazanmak üçin ""telekeçilik uniwersitetlerini"" döretmek bilen bagly çäreleri işjeňleşdirmek","Montessori bilimi
Bütin dünýäde (esasan ABŞ, Ýewropa we Ýaponiýada) meşhur bolan bu modeliň aýratynlyklary: Montessori mekdepleri okuwçylary öz islegleri boýunça öwrenmäge höweslendirýär. Erkinlik, okuwçylara gönükdirilenlik, döredijilik we açyş bilimde öňdäki hatarda durýar. Orta mekdep derejesinde okuwçylar garaşsyz pikirlenmek ukyplaryny ösdürýärler, erkin saýlaýarlar we bilelikde öwrenýärler. Okuwçylaryň kurs saýlamakda özbaşdaklygy bar we mugallymlar tarapyndan ýolbaşçylyk edilýär.","Zähmet bazarynyň talaplary bilen utgaşykly onlaýn pedagogika, emeli aň boýunça ygtyýarlylyklara (kompetensiýa) eýe bolan hem-de belli bir dersler boýunça onlaýn-okuwlary taýýarlamaga gatnaşýan, anyk okuwlary we esaslyk okuw taslamalaryny guraýan we ilerledýän, okuwlaryň we platformalaryň çäginde mugallymlar bilen talyplaryň arasyndaky gatnaşygy utgaşdyrýan, platformalaryň işjeňligini ýokarlandyrmak boýunça talaplary kesgitleýän sanly pedagogika bilen özleşdiren hünärmenleri taýýarlamagyň özbaşdak maksatnamasyny işläp taýýarlamak"," “ÝUNESKO-nyň Assosirlenen mekdepleri” atly taslama 1953-nji ýylda badalga aldy. Ol dünýäniň bilim edaralaryny umumy maksadyň – parahatçylykly döredijilik we ynsanperwerlik gymmatlyklary ilerlemek, medeniýetleriň arasyndaky netijeli gatnaşyklary ösdürmek maksadynyň töwereginde jemlenýär. Bilim babaynda milli maksatnamalaryň çäginde assosirlenen mekdepler ÝUNESKO bilen hyzmatdaşlyk edýärler, BMG we ÝUNESKO barada tanyşdyrýan maglumatlar bilen paýlaşýarlar, medeni we taryhy mirasy öwrenýärler.  “ÝUNESKO-nyň Assosirlenen mekdepleri” taslamasynda 180-den gowrak ýurtlaryň on müňe golaý mekdepleri, şol sanda Türkmenistanyň alty mekdebi degişlidir. Arkadag şäheriniň bilim edaralarynyň ÝUNESKO-nyň assosirlenen mekdepler toruna girizilmegi akylly şäheriň mekdepleriniň halkara derejesinde hyzmatdaşlygynyň ilerlemegine ähmiýeti uly bolar. Akylly şäher Arkadagyň innowasiýalary, bilim ulgamyndaky ösüşleri, türkmen halkynyň baý tebigy we medni mirasy bilen taslamanyň beýleki mekdeplerini tanyşdyrmak, bu babatda tejribe alyşmak üçin şäheriň  daşary ýurt dillerini ýa-da tebigy derslerini çuňlaşdyryp öwredýän ýöriteleşdirilen mekdeplerini ÝUNESKO-nyň assosirlenen mekdepleriniň toruna girizmek has hem maksadalaýyk bolar.","Magtymguly adyndaky Türkmen döwlet uniwersiteti ylmy edara bolup, onuň binýadynda Türkmenistanyň Ministrler Kabinetiniň Başlygynyň Orunbasarlarynyň 
2020-nji ýylyň 23-nji noýabryndaky 13-516 belgili hatynyň hem-de 2020-nji ýylyň 25-nji noýabryndaky 2/43944 belgili tabşyrygynyň esasynda Tebigy we takyk ylymlar boýunça ylmy-barlag merkezi döredildi. 
Merkezimiziň öňünde durýan wezipelerden ugur alyp, häzirki döwürde Türkmenistanyň Ylymlar akademiýasy tarapyndan Tehnologiýalar merkezinde işjeň Tehnologiýalaryň traтsfer merkezini döretmek we oňa degişli hukuknamalary taýýarlamak işleri alnyp barylýar.","Magtymguly adyndaky Türkmen döwlet uniwersiteti bilen M.W.Lomonosow adyndaky Moskwa döwlet uniwersitetiniň arasynda hyzmatdaşlygyň döwrebap ösdürilýändiginden ugur alyp, taraplaryň mümkinçiliklerine we şertlerine görä, gyzyklanma bilidirilen hem-de bellenilen tertipde ylalaşylan ýagdaýynda Magtymguly adyndaky Türkmen döwlet uniwersitetinde M.W.Lomonosow adyndaky Moskwa döwlet uniwersitetiniň şahamçasyny açmak teklip edilýär.","Ýurdumyzyň ylym we bilim ulgamlarynda halkara hyzmatdaşlygynyň işjeňleşdirilmegi bilen baglylykda mekdep okuwçylarynyň öwrenýän daşary ýurt dilleriniň gerimini giňeltmek maksady bilen, iňlis, rus, nemes, fransuz, ýapon we beýleki dilleri çuňlaşdyryp öwredilýän orta mekdepleriniň sanyny artdyrmak. ","1. Önümçiligiň häzirki zaman zerurlyklary esasynda hünär biliminiň maksatnamalaryny işläp düzmek we olary yzygiderli kämilleşdirmek.
2. Ylmyň we telekeçiligiň özara baglanyşygynyň sanly platformalaryny (meýdançalary) döretmek.
3. Zähmet bazarynyň zerurlyklaryny öňünden kesgitlemek boýunça merkezleri döretmek","1.       Döwletmämmet Azadynyň doglan gününiň 330 ýyllygy mynasybetli «Döwletmämmet Azadynyň edebi mirasy we türkmeniň döwletlilik ýörelgesi» atly ylmy-doredijilik maslahatyny geçirmek. 
2. Gurbannazar Ezizowyň doglan gününiň 85 ýyllygy mynasybetli «Ýaşlary watansöýüjilik ruhunda terbiýelemekde Gurbannazar Ezizowyň eserleriniň ähmiýeti» atly döredijilik duşuşygyny geçirmek.
3. Ýazyjy Nurmyrat Saryhanowyň doglan gününiň 120 ýyllygy mynasybetli şahyryň döredijiligini wagyz etmek maksady bilen hem-de ýazyjynyň «Şükür bagşy» powesti esasynda düşürilen adybir filminiň baş gahrymanynyň keşbini janlandyran tehniki ylymlaryň doktory, professor, Magtymguly adyndaky halkara baýragyň eýesi Amandurdy Handurdyýew barada «Ýagşyny ýatlap...» atly döredijilik duşuşygyny geçirmek.",,"Arkadag şäherinde türkmen halkynyň gadymy, orta asyrlar, täze we iň täze taryhyny, arheologik, binagärlik ýadygärliklerini, milli däp-dessurlarymyzy, döwletimiziň alyp barýan syýasatyny öwrenýän hem-de wagyz edýän “Arkaç” 
ýa-da “Kesearkaç” ýaly atlar bilen ylmy-barlag merkezini döretmek.","Türkmenistanda ýokary bilimi ösdürmegiň Strategiýasy esasy üns bermeli ugurlar:
• Bilimiň hili: Maksatnamalary akkreditasiýa etmek we ökde mugallymlary taýýarlamak ýaly işler boýunça bilim edaralary üçin ýokary standartlary kesgitlemek zerur. Bilimiň hiline baha bermek yzygiderli we hemmetaraplaýyn bolmaly.
• Innowasiýa we häzirki zaman tehnologiýalary: Uzak aralykdan okatmak we sanly çeşmelerden peýdalanmak ýaly iň täze bilim tehnologiýalaryny ornaşdyrmak. Bu bilime bolan elýeterliligi giňeltmäge we global bilim tejribesindäki üýtgeşmelere uýgunlaşmaga kömek eder.
• Gözleg we ylym: ýokary bilim edaralarynyň bilim we innowasiýa merkezine öwrülmegine mümkinçilik berjek ylmy işjeňligi höweslendirmek we gözleg başlangyçlaryny goldamak.
• Önümçilik bilen hyzmatdaşlyk: Okuw meýilnamasynyň döwrebaplygyny üpjün etmek we uçurymlaryň iş mümkinçiligini ýokarlandyrmak üçin iş berijiler we önümçilik kärhanalary bilen hyzmatdaşlygy ýola goýmak.
• Elýeterlilik we inklýuziwlik: Ilatyň ähli gatlaklary üçin ýokary bilime deň elýeterliligi üpjün etmek. Ýaşlaryň ähli kategoriýalaryna okamak üçin amatly şertleri döretmek möhümdir.
• Halkara hyzmatdaşlygy: Bilimiň derejesini ýokarlandyrmak we halkara ülňülerini girizmek üçin daşary ýurt uniwersitetleri bilen alyş-çalyş we hyzmatdaşlyk maksatnamalaryny ösdürmek.
• Zähmet bazaryna ugrukma: Okuw meýilnamasy zähmet bazarynyň zerurlyklaryny göz öňünde tutmaly we talyplara iş berijiler tarapyndan talap edilýän endikleri ösdürmäge kömek etmeli.
• Mugallymyň ösüşi: Okatmagyň täzeçil usullaryna we tehnologiýalaryna netijeli uýgunlaşyp bilmekleri üçin mugallymlary yzygiderli taýýarlamak we gaýtadan taýýarlamak.
• Maliýeleşdirme we çeşmeler: Ýokardaky başlangyçlaryň hemmesini durmuşa geçirmek we innowasiýa çözgütlerini durmuşa geçirmek üçin ýokary bilim üçin serişdeleriň oýlanşykly üpjün edilmeligi gazanmak.
• Seslenme (feedback) we monitoring: Okuw prosesini we maksatnamalaryny yzygiderli kämilleşdirmek üçin talyplardan we uçurymlardan sesleniş ulgamyny döretmek.
Bu ugurlar Türkmenistanda häzirki zaman talaplara we zerurlyklara laýyk gelýän täsirli we durnukly ýokary bilim strategiýasyny döretmäge kömek eder.","Intellektual eýeçiligiň hukuk goragyny we goldaw ulgamyny döredip, oýlap tapyjylaryň, döredijileriň we işewürleriň intellektual işleri üçin  ygtybarly goragyň esasynda ykdysady, medeni, innowasion ösüşi gazanmak",
2,HNGU,Ýagşygeldi Kakaýew adyndaky Halkara nebit we gaz uniwersiteti,77,,,,,,Okatmagyň STEM ýaly netijeli usullaryny bilim ulgamlarynda yzygiderli peýdalanmaly,,,"1. Ýagşygeldi Kakaýew adyndaky Halkara nebit we gaz uniwersitetinde Lu Ban ussahanasyny döretmek we işe goýbermek hem-de Hytaý Halk Respublikasynyň ýokary okuw mekdepleri, korporasiýasy we  assosiasiýasy bilen hyzmatdaşlygy ýola goýmak;
2. Ýagşygeldi Kakaýew adyndaky Halkara nebit we gaz uniwersiteti bilen Hytaýyň nebit uniwersitetiniň bilelikdäki Türkmen-Hytaý energetika okuw merkezini döretmek hakyndaky Ylalaşygy baglaşmak we “Iki diplom” halkara bilim maksatnamasynyň Düzgünnamasyna gol çekmek barada bellenen tertipde teklipleri bermek.
",,"Professor-mugallymlaryň, talyplaryň ýerine ýetiren ylmy işlerini, innowasiýalaryny we oýlap tapyşlaryny önümçilige ornaşdyrmak boýunça zerur işleri geçirmek","Türkmen halkynyň meşhur şahsyýetleriniň nusgalyk durmuş ýoluny öwrenmegiň we ýerine ýetirilen ylmy işleri jemlemek we makalalar ýygyndysy görnüşinde neşir etmek
",,,Ýurdumyzyň ýokary okuw mekdepleriniň daşary ýurtlaryň ugurdaş abraýly ýokary okuw mekdepleri bilen “Iki diplom” halkara bilim maksatnamasy boýunça bilelikde ýokary bilimli hünärmenleri taýýarlamaklaryny ýola goýmak,,
3,HYYÖU,Halkara ynsanperwer ylymlary we ösüş uniwersiteti,79,,,,Tehnologiýalar merkezlerlerinde ylmy-barlag işleriň we taslamalaryň esasy kesgitlenen ugurlary boýunça  maliýeleşdirmegi üpjün etmek.,"Halkara derejedäki mekdepler okuwçylara barha globallaşýan dünýäde üstünlik gazanmagy öwredýän dürli okuw meýilnamalaryny we innowasion okuw usullaryny hödürleýärler. Talyplar güýçli akademiki, tankydy pikirlenmek we meseläni çözmek endikleri bilen gutarýarlar. Dünýädäki dürli medeniýetler, diller we däp-dessurlar barada öwrenýärler. Bu häsiýetler geljekde üstünlik gazanmaga kömek eder.","Internetiň we onlaýn tehnologiýalaryň çalt ösmegi onlaýn bilim çeşmeleriniň ep-esli ýokarlanmagyna sebäp bolýar. Bilimi has giňeşleýin öwrenmekde AI bolup biler. Emeli intellekt her bir okuwçy üçin intellektual mümkinçiliklerine, başarnyklaryna we başarnyklaryna esaslanyp aýratyn bilim programmalaryny üpjün eder. Bu okuwyň hilini ýokarlandyrar we okuw prosesini çaltlaşdyrar.","Birleşýän mekdepler, parahatçylygy goraýyş taglymatlary, ahlak we ruhy gymmatlyklary ýaýratmak üçin milli maksatnamalaryň çäginde UNESKO bilen hyzmatdaşlyk edýän bilim edaralarydyr. Esasy maksatlary medeniýetler aragatnaşygyny ösdürmek we parahatçylygy ösdürmek, bilim we okuw ulgamynda oňyn tejribäni öwrenmek, durmuşa geçirmek we ýaýratmak, baglanyşykly mekdepleriň halkara gatnaşyklaryny ösdürmek, şertleri döretmek üçin goşmaça mümkinçilikleri döretmekdir. UNESKO-nyň assosiirlenen mekdepleri ulgamyna girizilen bilim edaralarynyň mugallymlarynyň döredijilikli we ylmy taýdan ösmegi üçin wajypdyr.","Tehnologiýa merkezleri uzak aralykdan öwrenmegi, wirtual wideo sapaklaryny, webinarlary we wideo konferensiýalary gowulandyrmaga, ähli dersleri öwrenmekde durmuşymyzyň aýrylmaz bölegine öwrülýän ýokary hilli okuwlaryna gönükdirilmelidir. Zehinli ýaşlary ösdürmek üçin ýokary okuw mekdepler birleşmeli we bilelikde işlemeli. Döredijilik we ylmy ösüş üçin mümkinçilikler ýaşlar üçin bilimiň ähli döwründe üpjün edilmelidir - bu jemgyýetiň intellektual elitasyny döretmegiň syrydyr.","Iň möhüm şertleriň biri zehinli dalaşgärleri we dünýäniň iň gowy akademiki işgärlerini - häzirki wagtda dünýä ylmynyň ösüşini kesgitleýän adamlary çekmekdir. Geljegi uly taslamalaryň arasynda goşa bakalawr, goşa magistr we goşa akademiki derejelerini girizmek zerurdyr.",,"Bilim, ylym we önümçilik integrasiýasy ylmy we önümçilik guramalarynyň potensialyny özara bähbitlerde bilelikde ulanylýar. Ilki bilen, işgärleri taýýarlamak, ýokary hünär taýýarlygy we gaýtadan taýýarlamak, şeýle hem bilelikdäki ylmy gözlegler we ylmy ösüşler bilen baglanyşykly ugurlarda. Bu integrasiýa prosesleri dürli işjeňlik ugurlaryny öz içine alýar we dürli görnüşlerde özlerini görkezýär. Bular bilim, gözleg we önümçilik toplumlary; şahamçalary we esasy bölümleri; talyplary maksatly intensiw (aýratyn) taýýarlamak üçin ylmy, bilim we ingenerçilik merkezleri; tehnologiýa seýilgähleri we tehnopolisler; hünärmenleriň we okuwçylaryň döredijilik toparlary.","Ýaş nesliň watançylyk terbiýesi jemgyýetçilik ösüşiniň ähli basgançaklarynda derwaýys mesele. Watançylyk, halkymyzyň milli däplerinde müňlerçe ýyl bäri emele gelen iň çuňňur duýgularyň biridir. Ýaş nesil watançy bolmaly we watançylyk  ýokary milli duýgularyň döwletiň we jemgyýetiň ösüşiniň esasy faktory we iň möhüm serişdesidigini hiç wagt ýatdan çykarmaly däldir. Parahatçylyk we asudalyk, syýasy durnuklylyk, milli jebislik her bir watançy pikirli we jemgyýetiň her bir agzasynyň milli buýsanjy duýgusy bolan adam borjy, raýat borjy we ruhy borjy bolmalydyr.","Ýaş nesilleri milli gymmatlyklarymyza, däp-dessurlarymyza buýsanç ruhunda, ynsanperwer kadalarymyz esasynda terbiýelemek üçin meşhur şahsyýetlerimiziň ýadygärliklerini ebedileşdirmek boýunça degişli işleri alyp barmak, müňýyllyklardan gözbaş alýan medeniýetimizi, edebiýatymyzy, şöhratly taryhymyzy täze nazaryýet esasynda düýpli öwrenmek hem-de ylmy taýdan ösdürmek esasy maksat bolup durýar.","Arkadag şäherinde gözleg merkezleriniň döredilmegi häzirki döwürde derwaýys zerurlyk, sebäbi halkara ülňülerine laýyklykda döredilen birnäçe lukmançylyk merkezleri, ýokary okuw jaýlary we barlaghanalar akylly şäherde jemlenendir. Elbetde, arheologiki mirasy we akademiki merkeziň taryhyny öwrenmek ylymyň we ylmy işjeňligiň ösmegine goşant goşar.","Ýokary bilimi ösdürmegiň strategiýasy, bilim prosesini döwrebaplaşdyrmak üçin esasy ugurlary öz içine alýar: uniwersitetlerde innowasion bilim merkezlerini we barlaghanalaryny döretmek, Staptup ekoulgam we talyplaryň arasynda telekeçilik medeniýetini ösdürmek, ylymyň integrasiýasyny güýçlendirmek we önümçilik, şeýle hem zähmet bazarynyň ösüş çaklamalaryna gönükdirilen çeýe okuw meýilnamalarynyň girizilmegi. Bilimi sanlaşdyrmak, ýokary tehnologiýaly pudaklar üçin işgärleri taýýarlamak we hünär derejesini üznüksiz ösdürmek üçin şert döretmek meselelerine aýratyn üns berilmelidir.","Intellektual eýeçilik bazaryny döretmek we ösdürmek düşünjesi netijeliligi üçin döredilen emlägi bolan ylmy we tehniki üstünlikleri ulanmak we durmuşa geçirmek, intellektual eýeçilik obýektleriniň ykdysady dolanyşyga gatnaşmagy, intellektual eýeçiligi ulanmak babatynda bazar gatnaşyklarynyň ýaýramagy, innowasiýa önümlerine isleg bilen üpjünçiligiň arasyndaky täsiri gowulandyrmak we netijede artmak innowasiýa işleriniň netijeliligi. Bu düşünje, intellektual eýeçilige bolan hukuklary täjirleşdirmek üçin kadalaşdyryjy-hukuk binýadyny ösdürmeli; ykdysady dolanyşyga hukuklary çekmegiň mehanizmlerini döretmeli; intellektual eýeçilik bazary üçin infrastrukturany gurnamaly; obýektlere bolan hukuklary bahalandyrmaly we ýazga almak üçin ulgam döretmeli; intellektual eýeçilik, ylmy, tehniki we innowasiýa çärelerine gatnaşyjylaryň arasyndaky gatnaşyklary berkitmeli.",
4,TITU,Türkmenistanyň Oguz han adyndaky Inžener-tehnologiýalar uniwersiteti,75,"Hormatly Prezidentimiziň we Gahryman Arkadagymyzyň berýän tabşyryklaryny halk köpçüligine ýetirmek we adamlardan bu tabşyryklary amala aşyrmak bilen bagly teklipleri her ministrligiň, pudaklaýyn dolandyryş edaranyň internet ulgamynda web sahypasynda jemlemek, jemlenen teklipleri seljermek, moderirlemek we bellige almak, iň gowularyny degişli ýolbaşçylaryň dykgatyna ýetirmek","Ylym-bilim ulgamynyň kanunçylyk, maddy-enjamlaýyn binýatlaryny pugtalandyrmak, döwrebap özgertmek, milli ykdysadyýetiň strategik ugurlary boýunça ylym-bilim ulgamynyň ösüşini dünýä derejesine çykaryp hem-de döwrüň talabyna laýyklykda ýola goýmak","Iň zehinli ýaşlary, mekdep okuwçylaryny gözläp tapmak, taýýarlamak we ylmy-döredijilik işine gönükdirmek, ösdürmek maksady bilen, «“Ýaşlar – Watanyň daýanjy” döwlet Maksatnamasyny» işläp taýýarlamak we onuň çäklerinde “Geljege tarap batly gadamlar”, “Türkmenistan – innowasiýalaryň mekany”, “Innowasion mekdep”, “Ýaşlar, ylym, bilim, biznes”, “Innowasion ösüş: täze hünärler we geljegiň ylym ugurlary”, “Geljegiň ylmy-innowasion liderleri” ýaly ylmy-tehnologik we döredijilik bäsdeşiklerini geçirmek, ýeňiji ýaşlara “Gahryman Arkadagyň Baş baýragyny”, gymmat bahaly sowgatlary bermek, olary ýörite mekdeplerde, gimnaziýalarda, kollejlerde we ÝOM-lerde okatmak we taýýarlamak","Türkmenistanyň Kanunçylygyna laýyklykda hususy çagalar baglaryny, orta, orta hünär we ýokary okuw mekdeplerini döretmek, olary döretmek üçin döwlet tarapyndan maliýe, salgyt, zähmet we beýleki ýeňillikleri döretmek",Türkmenistanyň Oguz han adyndaky Inžener-tehnologiýalar uniwersitetiniň Türkmenistanyň Bilim ministrligine iberen 2024-nji ýylyň 2-nji maýyndaky 01-11/443 belgili we 18-nji noýabryndaky 01-11/1181 belgili hatlaryna laýyklykda uniwersitetiň binýadynda “Ýaş inženerleriň gimnaziýasyny” we “Inžener-tehnologiýalar kollejini” döretmek teklip edilýär,"Bilim bermegiň usulyýetini häzirki zamanyň ösen tejribesini ulanyp kämilleşdirmek üçin, dünýäniň öňdebaryjy ýokary okuw mekdepleriniň professor-mugallymlarynyň ýurdumyzdaky ýokary okuw mekdeplerinde sapak bermeklerini hem-de ylmy-barlag işlerini alyp barmaklaryny gazanmak","Aşgabat şäheriniň we welaýatlaryň ÝUNESKO-nyň assosirlenen mekdepler toruna girizilen mekdepleriniň tejribeleri esasynda, olaryň ýolbaşçylarynyň Arkadag şäheriniň bilim edaralaryny ÝUNESKO-nyň assosirlenen mekdepler toruna girizmekde ýardam etmekleri","1. Türkmenistanyň Oguz han adyndaky Inžener-tehnologiýalar uniwersitetiniň Dermanlyk ösümlikleriň agro-, eko- we biotehnologiýasy institutyny döretmek.
2. Türkmenistanyň Oguz han adyndaky Inžener-tehnologiýalar uniwersitetiniň Halkara “Akylly şäher tehnologiýalary” parkyny döretmek",,"Ýurdumyzyň her ýokary okuw mekdebiniň garamagynda, olaryň professor-mugallymlarynyň okatmagynda we terbiýelemeginde mekdebe çenli çagalar bagynyň, ýöriteleşdirilen orta mekdebiniň, orta-hünär merkdebiniň döredilmegini gazanmak",ÝOM-leriň we ylmy-barlag institutlaryň maddy-tehniki binýadyny Döwlet býujetiniň hasabyna yzygider täzeläp durmak,,,,"Döwlet tarapyndan:
a)	mugallymlara we talyplara ýurt bähbitli ylmy-barlag işleri ýerine ýetirmek üçin bäsdeşlik esasynda iki ýyllyk grantlar bermeli. Ylmy-barlag işleri ýerine ýetirýän mugallymlar we talyplar hemişe gözlegde bolýar, täze bilimleriň çeşmesi bolup durýar. Diňe şolaryň gatnaşmagynda innowasiýalar döreýär. Innowasiýalaryň bar ýerinde hem ösüş bolýar;
b)	tehnologiýalaryň çalt täzelenýändigini göz öňünde tutup, ÝOM-leriň maddy-tehniki binýadyny her 5 ýyldan Döwlet býujetiniň hasabyna täzeläp durmaly. ÝOM ýurt üçin adam maýasyny kemala getirýär. Adam maýasy bolsa ýurduň ykdysadyýetiniň ösmegine täsir edýär;
ç)	aýratyn zehinli ýaşlary Döwlet býujetiniň hasabyna, ýörite grantlar, atly talyp haklarynyň esasynda okatmaly we olary diňe ýurdumyzda işlemäge borçlandyrmaly (ýörite şertnamalar esasynda);
d)	häzirkizaman dünýäsinde zehinli hünärmenlere bolan isleg artýar. Iň öňdebaryjy kompaniýalar öz işgärler maýasyny bütin dünýä boýunça ýygnaýarlar. Şol sebäpli ýaşlary işe höweslendirmek maksady bilen, ÝOM-lere has tapawutlanyp işleýän mugallymlary maddy taýdan höweslendirmäge rugsat bermeli. Munuň özi bäsdeşligi ýüze çykarýar we hemmeleri täzeçe işlemäge ruhlandyrýar;
e)	ýaş mugallymlary Döwlet serişdeleriniň hasabyna ýaşaýyş jaý bilen üpjün etmeli;
f)	hojalyk hasaplaşygynda işleýän ÝOM-lerden ähli salgytlary aýyrmaly, tölegleri bolsa, Döwlet býujetiniň edaralarynyňka deňleşdirmeli.","Bütindünýä intellektual eýeçiligi guramasynyň Tehnologiýalary we innowasiýalary goldamak merkezlerinden ugur alyp, ýurdumyzda Merkezleşdirilen Tehnologiýalary we innowasiýalary goldamak merkezlerini (edaralaryny) döretmek;","Ähli welaýatlardan zehinli uçurymlary ÝOM-lerine we ylmy-barlag institutlaryna işe alyp galmak, ýaş alymlary durmuş-ykdysady taýdan doly üpjün etmek Alymlaryň zähmet hakyny köpeltmek, edaralara alymlaryň çözýän meselesiniň çylşyrymlylygyna baglylykda aýlyklaryny k=1.0÷10 koeffisiýente köpeltmek arkaly ýokarlandyrmaga rugsat bermek;"
5,TOHU,S.A.Nyýazow adyndaky Türkmen oba hojalyk uniwersiteti,23,,,,,,"Buhgalter hasaby we audit, Buhgalterçilik hasaba alnyşynyň we maliýe hasabatlygynyň halkara we milli standartlaryny hem-de oňa degişli resminamalaryny kompýuterde ulanylýan programmalary arkaly öwrenmekligi has hem güýçlendirmeli",,"S.A.Nyýazow adyndaky Türkmen oba hojalyk uniwersitetinde oba hojalyk tehnologiýalary boýunça ýöriteleşdirilen barlaghanalary, şol sanda suw dolandyryş, tohumçylyk we genetika, maldarçylyk we weterinariýa, oba hojalyk önümlerini gaýtadan işlemek ýaly ugurlardan barlaghanalary döretmeli",S.A.Nyýazow adyndaky Türkmen oba hojalyk uniwersitetiniň binýadynda Özbegistan Respublikasynyň Milli barlag uniwersitetiniň «Daşkent irrigasiýa we oba hojalygynyň mehanizasiýasynyň inženerleri institutynyň» şahamçasyny açmak boýunça işleri dowam etmeli,,"Ýokary okuw mekdebimizde taýýarlanýan hünärmenler okuw we önümçilik tejribeliklerini hünär ugurlaryna laýyklykda degişli hünärmenler bilen maslahatlaşyp, zerurlyk ýüze çykýan ýerlerine tejribelige ugradylmagyny göz öňünde tutmaly","Hormatly Prezidentimiziň oba hojalyk özgertmeleri, şol sanda Arkadag şäherinde ýokary okuw mekdebi, ylmy-barlag institutlary bolan döwrebap oba hojalyk şäherçesini döretmek başlangyjy toplumda amala aşyrylýan özgertmeleri has-da rowaçlandyrýar. Gahryman Arkadagymyzyň başlangyjyna laýyklykda, täze dörediljek bilim ojagynda oba hojalygynyň ösüşine mynasyp goşant goşan meşhur şahsyýetlerimiziň ýadygärliklerini ebedileşdirmek göz öňünde tutulýar. Olaryň şahsyýetiniň mekdebinde ýaş nesilleriň milli gymmatlyklarymyza,                             däp-dessurlarymyza buýsanç ruhunda, ynsanperwer kadalarymyz esasynda terbiýelenilmegini gazanmaly","Türkmen halkynyň Milli Lideri Gahryman Arkadagymyzyň, hormatly Prezidentimiz Arkadagly Gahryman Serdarymyzyň eserlerini okuw maksatnamalaryna ornaşdyrmagy we olardan ugur alyp, ylmy-barlag işlerini alyp barmagy dowam etmeli",,"2026 — 2052-nji ýyllarda ýokary bilimi ösdürmegiň Strategiýasy işlenip taýýarlananda hormatly Prezidentimiziň Arkadag şäherinde Oba hojalyk uniwersitetiniň binalar toplumyny gurmak, bu ýerde ylmy-barlag institutlaryny hem öz içine alýan oba hojalyk şäherçesini döretmek başlangyjyny we şunuň bilen bagly özgertmeleri göz öňüne tutmaly",,Ýurdumyzda tebigaty goramaga we ekologiýa abadançylygyny üpjün etmäge gönükdirilen işleri yzygiderli alyp barmaly we talyp ýaşlara wagyz-nesihat işlerini güýçlendirmeli.Häzirki zaman suw tygşytlaýjy tehnologiýalary özleşdirmek hem-de ýurdumyza ornaşdyrmak boýunça netijeli ylmy-barlaglary we halkara hyzmatdaşlygy goldamaly
6,TMDDI,Döwletmämmet Azady adyndaky Türkmen milli dünýä dilleri instituty,178,,"Türkmenistanyň Bilim ministrligi bilen bilelikde ýokary okuw mekdeplerinde taýýarlanjak hünärleri, hünärleriň ugurlaryny we olar boýunça hünärmenleriň sanyny kesgitlemegiň usulyny işläp taýýarlamaly",,,,"Okuw-usullyýet işlerine sanly tehnologiýalary we interaktiw platformalary giňden ornaşdyrmak. Dilleri öwretmegiň tejribesine Duolingo, Quizlet, Kahoot, ELSA Speak ýaly onlaýn platformalarynyň netijeli ornaşdyrylmagy  daşary ýurt dilleri boýunça interaktiw sapaklar geçilende, talyplaryň özbaşdak işleri ýerine ýetirmeginde ygtybarly gollanma bolup hyzmat eder. ",,,Halkara derejeli ýokary okuw mekdepleri bilen okuw-usulyýet işlerini utgaşykly guramagyň netijeleriniň esasynda daşary ýurtlaryň abraýly ýokary okuw mekdepleriniň şahamçalaryny açmak boýunça alnyp barylýan işleri güýçlendirmeli.,,"Dünýä we milli tejribäniň gazananlaryna esaslanýan fundamental bilimiň hilini ýokarlandyrmaga, ylmy mekdepleri ösdürmäge we Türkmenistanyň Ylymlar akademiýasynyň ylmy-barlag edaralarynda düýpli we amaly ylmyň meselelerini işläp taýýarlamaga talyplaryň, aspirantlaryň we mugallymlaryň işjeň gatnaşmagyny gazanmaly.","Ýaş nesilleri milli gymmatlyklarymyza, däp-dessurlarymyza buýsanç ruhunda, ynsanperwer kadalarymyzyň esasynda terbiýelemekde türkmen halkynyň Milli Lideri Gahryman Arkadagymyzyň we hormatly Prezidentimiz Arkadagly Gahryman Serdarymyzyň nusgawy eserlerini usulyýet esasy hökmünde işjeň ulanmaly","Institutyň ylym bölüminiň we kafedralarynyň Türmenistanyň Ylymlar akademiýasynyň Magtymguly adyndaky Dil, edebiýat we milli golýazmalar instituty, Taryh we arheologiýa instituty bilen bilelikde Türkmenistanyň taryhy, türkmen halkynyň däp-dessurlary, türkmen dili we edebiýaty, dilleriň degşirme tipologiýasy boýunça düýpli ylmy barlaglary alyp barmagyny has-da işjeňleşdirmeli",,,,
7,TDMal,Türkmen döwlet maliýe instituty,244,,,,,,"Ýokary okuw mekdeplerinde «Işjeň okamak», «Meseleleýin okuw», «Flip klas», «Okatmagyň interaktiw usullary» we «Okatmagyň ýekebaralaşmagy»  bilim konsepsiýalaryny ornaşdyrmak",,"Türkmen döwlet maliýe institutynda döwletiň býujet, salgyt, pul karz, korporatiw maliýe, buhgalterçilik hasaba alnyşy we hasabatlylygy, ätiýaçlandyryş bazarlary, döwletiň maýa goýum syýasaty we başga-da institutyň iş çygryna degişli dürli ugurlar boýunça ""Maliýe çözgütleri"" atly ylmy barlaglaryny ýerine ýetirýän merkezi döretmek",Arkadag şäherinde Ýaponiýanyň Sanly uniwersitetiniň (Japan Digital University) şahamçasyny açmak,,"Türkmenistanyň Senagatçylar we telekeçiler birleşmesi bilen bilelikde okuw-önümçilik, ylmy-usuly gurnaklary döretmek we olaryň işlerini alyp barmakda hyzmatdaşlyk etmek",Türkmen halkynyň meşhur şahsyýetleriniň nusgalyk durmuş ýoluny öwrenmegiň ýol kartasyny taýýarlamak,ÝUNESKO-nyň Adamzadyň maddy we maddy däl medeni gymmatlyklarynyň sanawyna girizilen taryhy ýadygärliklerimizi hem-de medeni mirasymyzy  özünde jemleýän kitaby taýýarlamak,"Arkadag şäheriniň dünýäniň ylym-bilim merkezi hökmündäki ornuny pugtalandyryp, şäherde Türkmenistanyň gadymy, orta asyrlar, täze we iň täze taryhyny, arheologik, binagärlik ýadygärliklerini, döwletimiziň alyp barýan syýasatyny öwrenýän hem-de wagyz etmek maksady bilen Türkmenistanyň Ylymlar akademiýasynyň Taryh we arheologiýa institutynyň şahamçasyny döretmek",Iş berijileriň bildirýän talaplaryna laýyk gelýän hünärmenleriň taýýarlanylmagyny gazanmak üçin her hünär üçin her bir hünäriň hünär standartlaryny degişli pudagyň özüň işläp taýýarlamagyny gazanmak ,,
8,TDBGI,Türkmen döwlet binagärlik-gurluşyk instituty,13,,,,,,Ýurdumyzyň ýokary okuw mekdepleriniň 4-5-nji ýyl talyplary üçin neýron seti bilen modelirlemek boýunça dersleri girizmek,"Arkadag şäherini ÝUNESKO-nyň döredijilik şäherleriniň toruna, onuň bilim edaralaryny bolsa guramanyň assosirlenen mekdepler toruna girizmek üçin zerur işleri alyp barmak",Okatmagyň innowasion barlag-gözleg tehnologiýalarynyň işjeň peýdalanylmagyny gazanmak,"Ýokary okuw mekdeplerinde okatmak üçin daşary ýurtly alymlary, professorlary, hünärmenleri we bilermenleri çekmegiň gerimini giňeltmek","Durnukly ösüşiň Maksatlaryna ýetmek üçin dünýäniň öňdebaryjy döwletleriniň iri ylym we bilim merkezleri, halkara hem-de sebit guramalary bilen hyzmatdaşlygy yzygiderli pugtalandyrmak",Ýokary okuw mekdeplerine biziň taryhymyzda öçmejek yz goýan beýik şahsyýetlerimiziň atlaryny dakmak we olaryň atlaryny ebedileşdirmek boýunça işleri dowam etmek,Ýurdumyzyň taryhy-medeni mirasyny gorap saklamak we baýlaşdyrmak boýunça halkara maksatnamalaryny hem-de taslamalaryny amala aşyrmaga talyp ýaşlaryň gatnaşmagynyň gerimini giňeltmek,,,,,
9,HGI,Türkmenistanyň Daşary işler ministrliginiň Halkara gatnaşyklary instituty,26,,,,,,"         Türkmenistanda hususy orta, hünärmen, ýokary okuw mekdepleriniň açylmagyny syýasy we ykdysady taýdan şertlendirmegini üpjün edilmegi;",,"Ýokary okuw mekdepleriniň ýanynda ýörite hojalyk hasaplaşyklarynyň esasynda işleýän ylmy-barlag institutlaryny, ylmy-önümçilik kärhanalaryny döretmäge olara hukuk bermek, munuň bilen bagly olaryň erkin hem-de maýyşgak işlemegi üçin amatly maliýe-salgyt ýeňilliklerini göz öňünde tutýan gurşawy döretmek. Bu edaralarda önümçiligi ýola goýmak, käbir ylmy açyşlar bilen bagly START UP-lary durmuşa geçirmek boýunça ýeňillikli usulda karzlaşdyrmagyň mehanizmlerini işläp taýýarlamagy;"," Dünýäniň ösen ýurtlarynyň ýokary okuw mekdepleriniň professor mugallymlary bilen bilelikde online okuwlaryny geçirip, tejribeleri paýlaşmaly.",,Ýokary okuw mekdeplerde alnyp barylýan ylmy işleri degişli önümçilik kärhanasy bilen utgaşdyrmak;,"Türkmen halkynyň taryhynda uly yz galdyran beýik şahsyýetleriň adyny ebedileşdirmek maksady bilen, olaryň adyny ýokary okuw mekdeplerine, mekdeplere, jemgyýetçilik we medeni edaralara dakmak;"," Ýokary okuw mekdeplerinde talyp ýaşlaryň arasynda “Men türkmendigime buýsanýan” atly bäsleşikleriň tapgyrlaryny gurnamak. Onda her bir talybyň özüne nusga edinen taryhy şahsyýeti, onuň ömri, halkynyň öňünde bitiren hyzmatlary hakynda öwrenen, onuň haýsy häsiýetini özüne nusgalyk edinendigini ussatlyk bilen beýan edip bilen ýaşlary tapawutlandyrmak;","Arkadag şäheriniň dünýäniň ylym-bilim merkezi hökmündäki ornuny pugtalandyrmak maksady bilen, şäherde  halkara ylmy-barlag merkezini döretmek we bu ugurda öňdebaryjy döwletler bilen hyzmatdaşlygy has hem giňeltmek.

;","Dünýäniň öňdebaryjy ýurtlarynyň ýokary bilimde häzirkizaman tejribesi barada 1 (bir) bap goşmaly.  Bu baba ýurdumyzyň dünýäniň ösen ýurtlaryndan gabat gelýän ugurlary, çelgileri, ülňüleri babatda pikirleri we ş.m. goşmak.",,
10,TDYDI,Türkmen döwlet ykdysadyýet we dolandyryş instituty,222,,,,,,"Okuwlaryň usulyýetini has kämileşdirmek üçin taslamalar usulyny giňden ornaşdyrmaly – bu belli bir wagt aralygynda (mysal üçin, ýarym ýyllykda) talyplaryň (ýekelikde, ikileýin we topar bolup) haýsy hem bolsa bir derwaýys meseleler boýunça özbaşdak işleri alyp barmaklary we taslamalary taýýarlamaklary göz öňünde tutulsa dersleri düýpli öwrenmeklige ýardam bererdi.",,"Ykdysady innowasiýalar merkeziniň işini täjirleşdirmek, taslamalaryň durmuşa geçirilmegini üpjün etmek we amala aşyrmak üçin zerur guramaçylyk düzümlerini kesgitlemek. Ykdysady innowasiýalar merkeziniň işini täjirleşdirmek we taslamalary durmuşa geçirmek üçin guramaçylyk düzümleri birnäçe möhüm bölekden ybarat bolup biler. Bu düzümleriň hersi merkezde amala aşyrylýan işleriň üstünlikli we netijeli bolmagyny üpjün etmek üçin zerurdyr ","Döwletimizde dünýäniň öňdebaryjy uniwersitetleriniň sanawyna girýän ýokary okuw mekdeplerini ýa-da olaryň şahamçalaryny döretmek maksady bilen, Russiýa Federasiýasynyň G.W.Plehanow adyndaky ykdysady uniwersitetiniň şahamçasy açylsa, oňyn netijeleri bererdi.",,"Innowasion çözgütleri işläp taýýarlamak üçin kärhanalar, işewürlik bilen hyzmatdaşlykda institutyň ýanynda barlag meýdançalaryny (merkezleri, laboratoriýalary döretmek)","Meşhur şahsyýetlerimiziň durmuşyny, döredijiligini we olaryň gymmatlyklarymyza goşan goşantlaryny görkezýän 3D görnüşdäki wirtual muzeýleri döretmek. Bu muzeýlerde şahsyýetlerimiziň durmuş ýoly, eserleri we taryhy wakalar sanly eksponatlar arkaly giňişleýin suratlandyrylyp, ýaş nesiller sanly wirtual ekskursiýa edip bilerler. ",Türkmen medeniýeti we edebiýaty boýunça ugurlary öz içine alýan sanly bilim platformasyny işläp düzmek,,Ýokary bilimi ösdürmegiň Strategiýasynda dünýäde täze dörejek iş ugurlary we global ykdysady meýilleriň göz öňünde tutulmagy zerurdyr. Bular ýaşlara geljekde has isleg bildirilýän bilim we iş ugry boýunça öňdengörüjilikli çemeleşmäge mümkinçilik döredýär  ,,
11,TTII,Türkmenistanyň Telekommunikasiýalar we informatika instituty,52,,,,,,"Ýokary, orta hünär we orta mekdeplerde geçilýän dersler boýunça döwrüň talabyna laýyk gelýän kitaplary taýýarlap, berilýän bilimiň hilini has-da ýokarlandyrmak",,Ýurdymyzyň ýokary okuw mekdepleriniň ýanynda taýýarlyk ugurlary bilen bagly işleri alyp barýan ylmy-tehniki merkezlerini döretmek,"Bilelikdäki ýokary okuw mekdepleri döretmeklige synag höküminde ýurdumyzyň ýokary okuw mekdepleri bilen daşary ýurtlaryň ýokary okuw mekdepleriniň arasynda bilelikde okatmak we iki diplom bermek meselesini ylalaşyp, bilelikdäki okuwlary ýola goýmak",,"Ýokary okuw mekdepleriň düzüminde ylym-bilim-önümçilik arabaglanşygyny üpjün edýän inženerçilik merkezlerini, işewürlik inkubatorlary, ylmy parklary, tehnoparklary döretmeli","Akademik, taryh ylymlarynyň doktory, etnograf Ata Jykyýewiň ýadygärligini ebedileşdirmek (Türkmenistan - beýik ýüpek ýolunyň ýüregi II tom sah.268)","Müňýyllyklardan gözbaş alýan medeniýetimizi, edebiýatymyzy, şöhratly taryhymyzy öwrenmek boýunça okuw gollanmalary, okuw kitaplaryny, monografiýalary taýýarlamaly",,"Ýokary bilim pudagynda döwlet-hususy hyzmatdaşlygy ösdürmek, sebitlerde döwlet we döwlete degişli däl ýokary okuw mekdepleriniň işini guramak, sagdyn bäsdeşlik gurşawyny döretmek esasynda ýokary bilime kabul ediliş derejesini 50-60 göterimden gowrak ýokarlandyrmagy göz öňünde tutmak",,
12,TDLU,Myrat Garryýew adyndaky Türkmenistanyň Döwlet lukmançylyk uniwersiteti,19,,Lukmançylyk biliminiň usulyýetini kämilleşdirmekde sanly tehnologiýalaryň mümkinçiliklerini artdyrmak,Lukmançylyk bilimi babatda dünýäniň ösüşi bilen aýakdaş gitmek. ,Uniwersitetiň okuw-kliniki binýatlarynyň gerimini giňeltmek we kliniki ugurly kafedralaryň maddy-enjamlaýyn binýadyny berkitmek,,Lukmançylyk biliminiň usulyýetini kämilleşdirmekde sanly tehnologiýalaryň mümkinçiliklerini artdyrmak,,"Uniwersitetde Simulýasiýa-attestasiýa merkezini döretmek, okatmagyň usulyýetini sanly bilim tehnologiýalary ileri tutmak bilen döwrebaplaşdyrmak",Dünýäniň öňdebaryjy uniwersitetleri we abraýly halkara guramalary bilen hyzmatdaşlygy giňeltmek,,Uniwersitetiň infrastrukturasyny giňeltmek arkaly “Lukmançylyk ylmy-bilimi-klinika” usulyýetini kämilleşdirmek,"Ýaş alymlarda, lukmanlarda we talyplarda lukmançylyk biliminde we ylmynda uly işleri bitiren şahsyýetler baradaky gözýetimlerini artdyrmak",,"Milli lukmançylyk mirasymyza bolan sylag hormaty, buýsanjymyzy artdyrmak","Halkara tejribelerine esaslanyp, Türkmenistanyň Saglygy goraýyş we derman senagaty ministrliginiň gurluş düzümini lukmançylyk hünär bilimi babatda özgertmek",,
13,TDBSI,Türkmen döwlet bedenterbiýe we sport instituty,40,"Bu ugurda ylmy-amaly, ylmy-usuly maslahat-laryň netijeleri boýunça ylmy ýygyndylary taýýarlamak",Häzirki zaman sport ylymlary babatda halkara tejribesini has-da ösdürmek,Bilim çygrynda milli maksatlary we görkezijileri kesgitlemek hem-de deňeşdirme geçirmek,Bilim ulgamyny maliýeleş-dirmekde we ösdürmekde iň gowy halkara tejribeleri öwrenmek we özleşdirmek,Türkmen döwlet bedenterbiýe we sport institutynyň sport mekdepleri bilen arabaglanyşy-gyny has-da güýçlendir-mek,"Dünýäniň ösen ýurtlarynyň ýokary okuw mekdepleri-niň sport ugrundan bilim berýän professor-mugallym-laryny, tälimçilerini, baýry hünärmenleri, şeýle hem sport federasiýa-larynyň hünärmenleri bilen bilelikde türgenleşik okuwlaryny geçirip, tejribeleri paýlaşmak",Arkadag şäherinden sport mekdeplerini ÝUNESKO-nyň assosirlenen mekdepler toruna girizmäge teklip etmek,Türkmen döwlet bedenterbiýe we sport institutynyň «Olimp» ylmy-usuly merkeziniň binýadynda sport analitikasy merkezini döretmek,"Bedenterbiýe we sport uniwersitet-leriniň halkara birleşiginiň agzasy bolan ýokary okuw mekdepleri bilen hyzmatdaş-lygyň gerimini has-da giňeltmek, ösdürmek we şahamçala-ryny açmak",Bu ugurda toplumlaýyn seljermeleri geçirmek,"Bilelikde okuw-önümçilik, ylmy-usuly gurnaklary döretmek we olaryň işini alyp barmakda hyzmatdaşlyk etmek","Talyp ýaşlarymyza bedenterbiýe we sport ulgamynda geljekki nesillere baky miras goýup, adyny taryhyň gatlaryna öçmejek yz goýan beýik şahsyýetleri içgin öwretmek maksady bilen, ýörite usuly, ylmy maslahatlary meýilnama esasynda yzygiderli geçirmek","Ýokary okuw mekdebimizde ders hökmünde okadylýan bedenterbiýäniň we sportuň taryhy dersi boýunça uly we kiçi göwrümli edebiýatlary, ýurdumyzda geçirilýän halkara ýaryşlary boýunça gollanmalary dowamly taýýarlamak","Arkadag şäherinde Türkmenista-nyň gadymy, orta asyrlar, täze we iň täze taryhyny, arheologik, binagärlik ýadygärlik-lerini, döwletimiziň alyp barýan syýasatyny öwrenýän hem-de wagyz edýän halkara ylmy-barlag merkezini döretmek","Sport ulgamynda dolandyrmak, sagaldyş işi (bedeni dikeldiji, fitnes we beden taýýarlygy boýunça tälimçi-mugallym), sanly tehnologiýalar we maglumat howpsuzlygy (sport ulgamynda), sport ylymlary we reabilitasiýa, sport analitikasy we inžener tehnologiýalary, sport kineziologiýasy we dikeldiş taýýarlyk ugurlaryny geljekde işlenip taýýarlanyljak hünär atlasyna girizmek",Intellektual eýeçiligi öwrenmek we kämilleşdir-mek üçin ýörite barlag we analitika merkezleri döretmek,
14,TDMed,Türkmen döwlet medeniýet instituty,32,,,,,,"Türkmenistanyň ýokary okuw mekdepleriniň kitaphanalarynyň elektron ulgamyny kämilleşdirmek, olaryň Türkmenistanyň Medeniýet ministrliginiň garamagynda hereket edýän bitewi tora birikdirilmegini gazanmak;",,,,,,"Nesilleri milli gymmatlyklarymyza, däp-dessurlarymyza buýsanç ruhunda, ynsanperwer kadalarymyz esasynda terbiýelemek üçin meşhur şahsyýetlerimiziň ömri we döredijiliginin öwrenmek boýunça alnyp barylýan işleriň ylmy esaslylygyny ýokarlandyrylmagyna gönükdirilen çäreleriň toplumynyň işlenilip düzülmegi gerek. Meselem, Müsürde höküm süren Eýýubylar türkmen döwletiniň hökümdary Salahaddiniň abraýy Ýewropada uly. Onuň ýolbaşçylygynda hem-de seljuklylaryň uly toparynyň Ýewropada Haçly ýörişleriniň yzyna serpikdirilmeginde, şeýle hem Ýakyn Gündogary mongol çozuşlaryndan goramakda uly işler alnyp baryldy. Bu dünýäniň belli taryhçylarynyň işlerinde bellenilýär. Biziň ýaşlarymyzyň şolar ýaly dünýä belli gahrymanlarymyzyň ýadygärligini ebedileşdirmek bilen şöhratly taryhymyzy täzeden dikeldýäris.","Medeniýeti öwreniş türkmen ylmynda täze ugur. Ýöne onuň düýpli binýatlarynyň emele getirilmegi derwaýys. Şunuň bilen baglylykda, “medeni tegelek” nazarýetine laýyklykda diffuzion usulyň doly derejede ylmy-barlaglara ornaşdyrylmagy gerek. Netijede, milli-medeni gymmatlyklary döreden halk hökmünde açyşlaryň amala aşyrylmagynyň taryhy-etnologik esaslary döredilmeli;",,,,
15,TMK,Maýa Kulyýewa adyndaky Türkmen milli konserwatoriýasy,#REF!,,,,,,"“Türkmen sazynyň elektron kitaphasy” atly web-saýt döretmek we ol ýerde türkmen halk sazlarynyň, kompozitorlaryň we mukamçy kompozitorlaryň eserleriniň nota edebiýatyny, şeýle-de dürli ýerine ýetirijilikdäki audio ýazgylary ýerleşdirmek",,,,,,"Türkmenistanyň aýdym-saz sungatynyň görnükli şahsyýetleriniň atlaryny ebedileşdirmek maksady bilen, meşhur şahsyýetleriň atlaryny göterýän aýdym-sazyň ugurlary boýunça döwlet we halkara bäsleşikleri ýola goýmak","Milli aýdym-saz sungatymyzy, halypa-şägirtlik ýoluny, saz folkloryny täze garaýyşlar bilen ylmy taýdan öwrenmek we netijeleri boýunça ylmy monografiýalary çap etmek",,,,
16,TDÇA,Türkmenistanyň Döwlet çeperçilik akademiýasy,23,,,,,,«Sungaty öwreniş» ylmy-döredijilik merkezini döretmek,,,,,"Türkmenistanyň Suratkeşler birleşigi bilen bilelikde okuw-önümçilik, ylmy-usuly bölümleri döretmek.","Halypalyk edýän suratkeşlerimiziň döredijilik ussahanalary bilen talyp ýaşlarymyzyň ýakyndan gatnaşygyny  ýola goýmak.
Meşhur şahsyýetlerimiziň döredijiligini öwrenmek.","Akademiýanyň  binagärlik ýadygärlikleriniň rejelenilişi hünärinde bilim alýan talyplaryň binagärlik ýadygärlikleriniň aýratynlyklaryny, olaryň syrçalaryny, gurluşyny öwrenip, geljekde binagärlik gurluşyk işlerinde özleşdirmegi ýola goýmak.
Gadymy ýädygärliklerimiziň suratlaryny çekmek we sungaty öwreniş nazaryýetinden giňişleýin öwrenmek.",,,,
17,TITUKI,Türkmenistanyň Inžener-tehniki we ulag kommunikasiýalary instituty,#REF!,-,-,-,-,-,"häzirki wagtda dünýäniň ösen ýurtlarynyň ýokary okuw mekdeplerinde tejribä giren, okatmagyň STEM usulyýetini ornaşdyrmak boýunça işleri has-da işjeňleşdirmegi we bilim edaralarynda okuwda “emeli aňyň” mümkinçiliklerinden peýdalanmagyň  ýola goýulmagyny maksada laýyk hasaplaýarys",-,"Ulag-logistika ylmy merkezi bilen önümçilik edara-kärhanalaryň, ylmy barlag institutlaryň arasynda özara hyzmatdaşlyk etmek boýunça şertnamalary baglaşmagy maksada laýyk hasaplaýarys","Ýurdumyzyň ýokary okuw mekdepleriniň ähtnama boýunça hyzmatdaşlyk edýän daşary ýurt ýokary okuw mekdepleriniň sanynyň artdyrylmagyny, ýokary okuw mekdepleriň hünär ugruna laýyklykda öňdebaryjy halkara ylmy merkezleri  bilen hyzmatdaşlygyny ýola goýulmagyny maksada laýyk hasaplaýarys",-,"ýurdumyzyň pudaklaryna täze tehnologiýalaryň, tehnikanyň, önümçilik toplumlarynyň ornaşdyrylmagy ylym-bilim-önümçilik arabaglanyşygynyň üpjün edilmegine mümkinçilik berýän öňdebaryjy kärhanalarda degişli hünärleriň binýatlyk kafedralarynyň döredilmegini maksada laýyk hasaplaýarys","görnükli ýazyjy-şahyrlarymyzyň öý muzeýlerini döretmegi we ýurdumyzyň hem-de hyzmatdaşlyk edilýän daşary ýurtlaryň ýokary okuw mekdepleriniň mugallymlarynyň we talyplarynyň gatnaşmagynda wideoşekilli sapaklaryň, maslahatlaryň geçirilmegini maksada laýyk hasaplaýarys","Türkmen halkynyň Milli Lideri, Gahryman Arkadagymyzyň “Ömrümiň manysynyň dowamaty” atly kitabynda belläp geçen terbiýäniň 12 sany görnüşi barada okuw maslahatlaryny geçirmegi we Türkmen diplomatiýasynyň taryhyna bagyşlanan ylmy-barlaglaryň alnyp barylmagynyň geriminiň giňeldilmegini maksada laýyk hasaplaýarys","Arkadag şäherinde gadymy, orta asyrlar, täze we iň täze taryhyny, arheologik, binagärlik ýadygärliklerini, döwletimiziň alyp barýan syýasatyny öwrenýän “Türkmenistanyň medeni diplomatiýasy” halkara ylmy-barlag merkeziniň döredilmegini we “Türkmenistanyň medeni diplomatiýasy” atly halkara ylmy-usuly žurnalyň çap edilmegini ýola goýmagy maksada laýyk hasaplaýarys","ykdysadyýetiň dürli pudaklarynda täze hünärlere talaby göz öňünde tutup, hünärmenleri taýýarlamakda döwlet-hususy hyzmatdaşlygyny ösdürmegi maksada laýyk hasaplaýarys we Ylmy we ylmy-pedagogik işgärleri taýýarlamak hem-de pedagogik işgärleriň hünär derejelerini ýokarlandyrmak maksady bilen azyndan 3-ýylda bir gezek ýokary okuw mekdeplerinde mugallymlaryň mugallymçylyk ugrundan hökmany hünär derejesini ýokarlandyryş okuwlaryny geçmegini ýola goýmagy maksada laýyk hasaplaýarys",-,
8,TOHI,Türkmen oba hojalyk instituty,7,,VR we AR tehnologiýalary giňden peýdalanmaly,,,,Emeli aň tehnolgiýalryny giňden ulanmaly,,,,,"Öňdebaryjy daşary ýurt kompaniýalarynda hünär derejesini kämilleşdiriş okuwlaryny, önümçilik tejribeliklerini, duşuşyklary giňden gurnamaly",,,,Suwy tygşytly peýdalanmaklyk boýunça ylmy-barlaglaryň gerimini giňeltmeli.,Innowasion işläp düzmeleri täjirleşdirmeli,
19,TDEI,Türkmenistanyň Döwlet energetika instituty,47,,Ýaş hünärmenleri ösen daşary ýurtlaryň ylym-bilim edaralaryna maksatly aspirantura ugratmak. Hünärler boýunça magistraturalary açmak,, Ylmy-önümçilikden hojalyk hasaplaşykly temalary şertnama esasynda ýerine ýetirmek üçin ÝOM-lara teklip etmek.,,Kwant kompýuterleri häzirden öwrenmek üçin okuw derslerine goşmaly.,,"Telekeçileriň teklipleri boýunça hünärmenleri taýýarlamak we hojalyk hasaplaşygyndaky temalary ýerine ýetirmek, täze hünärleri açmak.",Ylmyň we tehnikanyň ösýän ugurlary boýunça ösen döwletleriň ýokary okuw mekdeplerine Türkmenistanyň raýatlaryny okuwa ugratmak we bu ugurlar boýunça hünärmenleri taýýarlamaly.,,   ÝOM-ň kafedralaryny önümçilikde açmak.,,,,"Nanotehnologiýalar boýunça hünärleri açmak, önümçilikde zerurlygy ýok hünärleri ýapmak.",,
20,TDMI,Seýitnazar Seýdi adyndaky Türkmen döwlet mugallymçylyk instituty,19,"Dersler boýunça ýerine ýetirilen testleri barlamaga we netijäni seljermäge hem-de talybyň (okuwçynyň) ders boýunça gowşak ýerlerini ýüze çykarmaga mümkinçilik berýän “Emeli aň” platformalaryny (meselem, Gradescope) okuw işine ornaşdyrmagy",Daşary ýurt dillerini okatmagyň döwrebap kommunikatiwlik (aragatnaşyga ugrukdyrmak) usullarynyň okuw-terbiýeçilik işine ornaşdyrylmagyny has-da güýçlendirmegi,"Ýokary okuw mekdepleriň professor-mugallymlarynyň daşary ýurtlaryň, şol sanda Ähtnama esasynda hyzmatdaşlyk edýän ýokary okuw mekdepleriniň tejribeli professor-mugallymlary bilen bilelikde okuw kitaplary, gollanmalary, okuw-usuly, ylmy makalalary taýýarlamaklygy güýçlendirmegi","Ýokary okuw mekdepleriň professor-mugallymlary, doktorantlary, aspirantlary, magistrantlary, talyplary üçin dünýä ýurtlarynyň meşhur sanly kitaphanalaryna mugt elýeterliligi üpjün etmegi","""Umumybilim berýän orta mekdep + ýokary okuw mekdebi"" görnüşinde ýurdumyzda üznüksiz bilim ulgamyny döretmek",Ýurdumyzyň alymlarynyň ylmy işleriniň milli ylmy salgylanma indeksini döretmegi teklip edýär,,"Häzirki zaman informasion tehnologiýalardan baş çykarýan, ökde IT hünärmenleri taýýarlamak maksady bilen, ýokary okuw mekdepleriň aýratynlyklaryny göz öňünde tutup, dürli ugurlar boýunça IT hünärleri açmagy",Ähtnama esasynda hyzmatdaşlyk edýän daşary ýurt okuw mekdepleriniň gatnaşmagynda daşary ýurtlarda Türkmenistanyň öňdebaryjy ýokary okuw mekdepleriniň geljekde zerur bolan hünärler boýunça şahamçalaryny açmagy,Mugallymçylyk ugurly ýokary okuw mekdepleriniň düzüminde ýöriteleşdirilen orta mekdepleri we mekdebe çenli çagalar edaralaryny döretmegi,Ähtnama esasynda hyzmatdaşlyk edýän ýokary okuw mekdepleriniň tejribeli professor-mugallymlarynyň degişli dersler boýunça umumy okuw sapaklaryny geçmegi hem-de olaryň elektron okuw toplumlaryny institutyň bilim portalynda ýerleşdirilmegini ýola goýmagy,"Sanly ulgamyň mümkinçiliklerinden peýdalanyp, ata-eneler bilen okuwçylaryň, talyplaryň arasynda terbiýeçilik ähmiýetli onlaýn aragatnaşygy kämilleşdirmegi"," Gahryman Arkadagymyzyň  we Arkadagly Gahryman Serdarymyzyň ylmy taglymatlary esasynda türkmen halkynyň müňýyllyklardan gözbaş alýan taryhyny, edebiýatyny we milli medeniýetini täzeçe öwrenmek maksady bilen daşary ýurtlarda bar bolan maglumatlary ýerinde öwrenmek we anyk ylmy seljermekleri kämilleşdirmek",,Bilimiň ähli basgançaklary üçin “Mugallym (Pedagog)” hünär standartyny  işläp düzmegi we onyň esasynda pedagog hünärmenleriň hünär attestasiýalaryny geçirmegi,Bilim ulgamynda emeli aňy ulanmagyň standartynyň taslamasyny taýýarlamagy,
21,HAA,Aba Annaýew adyndaky Halkara atçylyk akademiýasy,16,,Gahryman Arkadagymyzyň bedewlerimize bagyşlap ýazan ajaýyp eserleriň maglumatlaryny Aba Annaýew adyndaky Halkara atçylyk akademiýasynda degişli ugurlar boýunça okadylýan dersleriniň okuw meýilnamalaryna girizmek.,,,, Ýokary okuw mekdebiniň okuw meýilnamalaryny taýýarlamakda önümçilik we ylmy işgärleriň gatnaşmagyny üpjün etmek.,,"""Türkmen atlary"" döwlet birleşiginiň Atçylyk ylmy önümçilik merkezinde Aba Annaýew adyndaky Halkara atçylyk akademiýasynyň binýatlyk kafedrasyny açmak.",Aba Annaýew adyndaky Halkara atçylyk akademiýasynda Hytaýyň Oba hojalyk uniwersitetiniň şahamçasyny açmak ýa-da hyzmatdaşlykda degişli ugurlar boýunça iki diplomly bilim maksatnamasyny ornaşdyrmak.,,Aba Annaýew adyndaky Halkara atçylyk akademiýasynda “Startap” meýdançasyny döretmek.,"Ýurdumyzyň dürli pudaklarynda üstünlik gazanýan ýaşlaryň, talyplaryň, mekdep okuwçylarynyň gazanan üstünliklerini şöhlelendirýän ýörite web saýtyny döretmek.",,"2024-nji ýylyň 24-nji sentýabrynda geçirilen Türkmenistanyň Halk Maslahatynyň mejlisinde Gahryman Arkadagymyzyň “Arkadag şäheriniň dünýäniň ylym-bilim merkezi hökmündäki ornuny pugtalandyryp, şäherde Türkmenistanyň gadymy, orta asyrlar, täze we iň täze taryhyny, arheologik, binagärlik ýadygärliklerini, döwletimiziň alyp barýan syýasatyny öwrenýän hem-de wagyz edýän halkara ylmy-barlag merkezini döretmek” diýen tabşyrygyndan ugur alyp, bu halkara ylmy barlag merkezinde Ahalteke atlarynyň taryhyny öwrenýän bölümi açmak.",Uçurymlary okaýan döwründe bäsleşik esasynda bilimi hem-de ukyp-başarnyklary esasynda geljekgi iş orunlaryny  kesgitlemek,,