name,tema-sany,teklipler
Türkmenistanyň  Söwda we daşary ykdysady aragatnaşyklar ministrliginiň  Söwda hünär-tehniki okuw mekdebi,1,Ylym-bilim ulgamyny kämilleşdirmek ýaşlar barada döwlet syýasaty bilen bagly maslahatlary geçirmegi yzygiderli ýola goýmaly
Türkmenistanyň  Söwda we daşary ykdysady aragatnaşyklar ministrliginiň  Söwda hünär-tehniki okuw mekdebi,2,Hünäri öwretmegiň giň täzeçe usullaryny gözlemeli we hünär-tehniki okuw mekdepleriniň arasynda tejribe alyşmaly
Türkmenistanyň  Söwda we daşary ykdysady aragatnaşyklar ministrliginiň  Söwda hünär-tehniki okuw mekdebi,3,Bilimiň pugtalandyrylmagy üçin hünär-tehniki okuw mekdeplerine döwlet tarapyndan hemaýat-goldaw bermeli hem-de okuwy tamamlan talyplary iş bilen üpjünçiligini göz öňünde tutmaly
Türkmenistanyň  Söwda we daşary ykdysady aragatnaşyklar ministrliginiň  Söwda hünär-tehniki okuw mekdebi,4,Hünär-tehniki okuw mekdeplerinde okatmagyň täze tehnologiýalar bilen üpjünçiligini ýola goýmaly hem-de salgytlaryň we ýygymlaryň ähli görnüşlerinden boşadylmagyna ýardam bermeli
Türkmenistanyň  Söwda we daşary ykdysady aragatnaşyklar ministrliginiň  Söwda hünär-tehniki okuw mekdebi,17,Hünär-tehniki okuw mekdeplerinde uzak möhletli okuwlaryň başlanýan wagtyny hünär öwrenijileriň doly toplanan wagty ýylyň islendik wagtynda başladylmagyny ýola goýmaly 
Aşgabat şäher häkimliginiň 4-nji hünär-tehniki okuw mekdebi,2," Okatmagyň beýleki täze usullary bilen bilelikde ""Skaffold"" usulyny giňden ýaýratmak"
Aşgabat şäher häkimliginiň 4-nji hünär-tehniki okuw mekdebi,5,Ýurdumyzda halkara derejesine laýyk gelýän umumy bilim edaralarynyň sanyny artdyrmak
Aşgabat şäher häkimliginiň 4-nji hünär-tehniki okuw mekdebi,7,ÝUNESKO-nyň assosirlenen mekdepler toruna girizmek boýunça guramaçylyk işleriniň seneleýin meýilnamasyny taýýarlamaly
Aşgabat şäher häkimliginiň 4-nji hünär-tehniki okuw mekdebi,8,Ýurdumyzda  döwrebap hünär-tehniki okuw mekdeplerini gurmak.
Aşgabat şäher häkimliginiň 4-nji hünär-tehniki okuw mekdebi,9,Dünýäniň oňdebaryjy başlangyç bilim berýän hünär-tehniki okuw mekdepleriniň sanawyna girýän bilelikdäki okuw mekdeplerini döretmek
Aşgabat şäher häkimliginiň 4-nji hünär-tehniki okuw mekdebi,11,Ýokary derejeli başlangyç bilimili hünärmenleri we işçileri taýýarlamak işlerini ministrlikleri we pudak edaralary bilen bilelikde meýilleşdirmek                                                                                                            
Aşgabat şäher häkimliginiň 4-nji hünär-tehniki okuw mekdebi,13,"Müňýyllyklardan gözbaş alýan medeniýetimizi, edebiýatymyzy şöhratly taryhymyzy täze nazaryýet esasynda düýpli öwrenmek maksady bilen medeniýet we sungat işgärleri bilen talyplaryň arasynda duşuşyklary gurnamak"
Aşgabat şäher häkimliginiň 4-nji hünär-tehniki okuw mekdebi,15,Hünär-tehniki okuw mekdepleriniň maddy tehniki binýadyny täze tehnologiýalar we tehnikalar bilen üpjün etmek                         
Aşgabat şäher häkimliginiň 6-njy hünär-tehniki okuw mekdebi,1,"Bilimiň mazmunyna we okatmagyň usulyýetine täzeçe garap, onuň işini düýpli kämilleşdirmegiň meseleleri"
Aşgabat şäher häkimliginiň 6-njy hünär-tehniki okuw mekdebi,2,"Bilimiň gurluşyny we işini üýtgedip, onuň önümçilik hem işewürlik bilen özara arabaglanyşygyny pugtalandyrmagyň mehanizmlerini işläp taýýarlamak"
Aşgabat şäher häkimliginiň 6-njy hünär-tehniki okuw mekdebi,3,Bilim bilen önümçiligiň işini utgaşdyrýan anyk mehanizi döretmeli
Aşgabat şäher häkimliginiň 6-njy hünär-tehniki okuw mekdebi,4,Bilim bilen önümçiligiň işi doly utgaşdyrylýança Hünär tehniki bilimini býudjetden maliýeleşdirmeli
Aşgabat şäher häkimliginiň 6-njy hünär-tehniki okuw mekdebi,6,Bilimiň ähli basgançaklaryny ylmyň we tehnikanyň soňky gazanan tehniki-usuly serişdeler bilen üpjün edilmegini we mugallymlaryň bu tehnikalardan doly baş çykarmaklaryny gazanmaly
Aşgabat şäher häkimliginiň 6-njy hünär-tehniki okuw mekdebi,11,Senagatyň we halk hojalygynyň ähli ugurlarynda döwrebaptehnologiýalar merkezleriniň bolmagyny gazanmaly
Aşgabat şäher häkimliginiň 6-njy hünär-tehniki okuw mekdebi,15,Dünýäniň öňdebaryjy uniwersitetleriniň sanawyna girýän  ýokary okuw mekdepleri bilen giň gerimleýin arabaglanşygy ýola goýmaly
Aşgabat şäher häkimliginiň 6-njy hünär-tehniki okuw mekdebi,17,"Mugallymlaryň yzygider seminarlaryny gurnap, halkara derejesine laýyklyk gelýän okuwyň usuliýetini hemişe okatmaly"
Aşgabat şäher häkimliginiň 8-nji hünär-tehniki okuw mekdebi,1,"Bilimiň mazmunyna we okatmagyň usulyýetine täzeçe garap, onuň işini düýpli kämilleşdirmegiň meseleleri"
Aşgabat şäher häkimliginiň 8-nji hünär-tehniki okuw mekdebi,1,"Gahryman Arkadagymyzyň  ýaşlar baradaky syýasatyny öňe sürmek, ýaşlar bilen işlemek"
Aşgabat şäher häkimliginiň 8-nji hünär-tehniki okuw mekdebi,2,"Bilimiň gurluşyny we işini üýtgedip, onuň önümçilik hem işewürlik bilen özara arabaglanyşygyny pugtalandyrmagyň mehanizmlerini işläp taýýarlamak"
Aşgabat şäher häkimliginiň 8-nji hünär-tehniki okuw mekdebi,2,Edara - kärhanalar bilen bilelikdäki Dual (ikitaraplaýyn) okuwy ýola goýmaly
Aşgabat şäher häkimliginiň 8-nji hünär-tehniki okuw mekdebi,3,Bilim bilen önümçiligiň işini utgaşdyrýan anyk mehanizi döretmeli
Aşgabat şäher häkimliginiň 8-nji hünär-tehniki okuw mekdebi,4,Bilim bilen önümçiligiň işi doly utgaşdyrylýança Hünär tehniki bilimini býudjetden maliýeleşdirmeli
Aşgabat şäher häkimliginiň 8-nji hünär-tehniki okuw mekdebi,4,Bilimiň döwlet edaralarynda maliýeleşdirilmegi güýçlendirmek we gowulandyrmak
Aşgabat şäher häkimliginiň 8-nji hünär-tehniki okuw mekdebi,5,"Mugallymlaryň yzygider seminarlaryny gurnap, halkara derejesine laýyklyk gelýän okuwyň usulyýetini hemişe okatmaly"
Aşgabat şäher häkimliginiň 8-nji hünär-tehniki okuw mekdebi,5,Ýaşlara dünýa dillerini çuňňur öwretýän gimnaziýalary açmak 
Aşgabat şäher häkimliginiň 8-nji hünär-tehniki okuw mekdebi,6,Bilimiň ähli basgançaklaryny ylmyň we tehnikanyň soňky gazanan tehniki-usuly serişdeler bilen üpjün edilmegini we mugallymlaryň bu tehnikalardan doly baş çykarmaklaryny gazanmaly
Aşgabat şäher häkimliginiň 8-nji hünär-tehniki okuw mekdebi,7,ÝUNESKO-nyň assosirlenen mekdepler toruna girizmek boýunça guramaçylyk işlerininiň seneleýin meýilnamasyny taýýarlamaly 
Aşgabat şäher häkimliginiň 8-nji hünär-tehniki okuw mekdebi,8,Senagatyň we halk hojalygynyň ähli ugurlarynda döwrebaptehnologiýalar merkezleriniň bolmagyny gazanmaly
Aşgabat şäher häkimliginiň 8-nji hünär-tehniki okuw mekdebi,9,Dünýäniň öňdebaryjy uniwersitetleriniň sanawyna girýän  ýokary okuw mekdepleri bilen giň gerimleýin arabaglanşygy ýola goýmaly
Aşgabat şäher häkimliginiň 8-nji hünär-tehniki okuw mekdebi,10,Çagalar edaralarynyň hem-de umumybilim berýän orta mekdepleriň sanyny artdyrmaly we bar bolanlarynyň (esasan oba ýerlerde)ýagdaýyny gowulandyrmagyny dowam etmeli
Türkmenistanyň Telekommunikasiýalar we informatika institutynyň Infokommunikasiýa hünär-tehniki okuw mekdebi,1,"Bilimiň mazmunyna we okatmagyň usulyýetine täzeçe garap, onuň işini düýpli kämilleşdirmegiň meseleleri"
Türkmenistanyň Telekommunikasiýalar we informatika institutynyň Infokommunikasiýa hünär-tehniki okuw mekdebi,1,"Dünýäniň bilimde, ylymda we tehnikada öňdebaryjy ýurtlarynyň tejribeliklerine esaslanmak"
Türkmenistanyň Telekommunikasiýalar we informatika institutynyň Infokommunikasiýa hünär-tehniki okuw mekdebi,2,"Bilimiň gurluşyny we işini üýtgedip, onuň önümçilik hem işewürlik bilen özara arabaglanyşygyny pugtalandyrmagyň mehanizmlerini işläp taýýarlamak"
Türkmenistanyň Telekommunikasiýalar we informatika institutynyň Infokommunikasiýa hünär-tehniki okuw mekdebi,2,"Standartlar, meýilnamalar we maksatnamalar önümçiligiň zerurlyklaryna esaslanylyp, önümçiligiň tejribeli wekilleriniň gatnaşmagynda taýýarlanylmagyny gazanmak"
Türkmenistanyň Telekommunikasiýalar we informatika institutynyň Infokommunikasiýa hünär-tehniki okuw mekdebi,2,Bilim bilen önümçiligiň arasynda yzygider tejribe alyşmagy ýola gaýmak
Türkmenistanyň Telekommunikasiýalar we informatika institutynyň Infokommunikasiýa hünär-tehniki okuw mekdebi,3,Bilim bilen önümçiligiň işini utgaşdyrýan anyk mehanizi döretmeli
Türkmenistanyň Telekommunikasiýalar we informatika institutynyň Infokommunikasiýa hünär-tehniki okuw mekdebi,4,Bilim bilen önümçiligiň işi doly utgaşdyrylýança Hünär tehniki bilimini býudjetden maliýeleşdirmeli
Türkmenistanyň Telekommunikasiýalar we informatika institutynyň Infokommunikasiýa hünär-tehniki okuw mekdebi,6,Bilimiň ähli basgançaklaryny ylmyň we tehnikanyň soňky gazanan tehniki-usuly serişdeler bilen üpjün edilmegini we mugallymlaryň bu tehnikalardan doly baş çykarmaklaryny gazanmaly
Türkmenistanyň Telekommunikasiýalar we informatika institutynyň Infokommunikasiýa hünär-tehniki okuw mekdebi,6,"Ugurdaş bilim edaralary, akademiki institutlar we öňdebaryjy ýurtlaryň ugurdaş bilim edaralary          bilen yzygider onlaýn we adaty seminarlaryň gurnalmagyny we tejrbe alyş-çalyşy ýola goýmak"
Türkmenistanyň Telekommunikasiýalar we informatika institutynyň Infokommunikasiýa hünär-tehniki okuw mekdebi,11,Senagatyň we halk hojalygynyň ähli ugurlarynda döwrebaptehnologiýalar merkezleriniň bolmagyny gazanmalyny gazanmaly
Türkmenistanyň Telekommunikasiýalar we informatika institutynyň Infokommunikasiýa hünär-tehniki okuw mekdebi,11,Önümçilik bilen arabaglanşygy kämilleşdirmeli we bilim bermegiň DUAL ulgamyna geçilmegini öňe            sürülýän wezipeleriň biri hökmünde kesgitlemek
Türkmenistanyň Telekommunikasiýalar we informatika institutynyň Infokommunikasiýa hünär-tehniki okuw mekdebi,15,Dünýäniň öňdebaryjy uniwersitetleriniň sanawyna girýän  ýokary okuw mekdepleri bilen giň gerimleýin arabaglanşygy ýola goýmaly
Türkmenistanyň Telekommunikasiýalar we informatika institutynyň Infokommunikasiýa hünär-tehniki okuw mekdebi,15,"Hünär-tehniki bilimine döwletiň, işewürleriň we degiňli bolan önümçilik pudaklarynyň            hemaýatlarynyň gönüklendirilmegini gazanyp, hünär-tehniki okuw mekdepleriniň gurluşyny we işini döwrüň talabyna görä ýola goýmak"
Türkmenistanyň Telekommunikasiýalar we informatika institutynyň Infokommunikasiýa hünär-tehniki okuw mekdebi,17,Bilimiň ähli basgançaklarynda görkezilen tekliplerden ugur alyp gurluşynyn we we okadylyş usulyýetini halkara derejesine laýyklykda kämilleşdirmeli
Türkmenistanyň Telekommunikasiýalar we informatika institutynyň Infokommunikasiýa hünär-tehniki okuw mekdebi,17,Bilimiň ähli basgançaklarynyň arasynda utgaşdyrylan arabaglanşygy giňeltmek
"Türkmenistanyň Telewideniýe, radiogepleşikler we kinematografiýa baradaky döwlet komitetiniň hünär-tehniki okuw mekdebi",6,Okuwyny tamamlaýan uçurymlara 3 taraplaýyn şertnama esaslanan ýollanmalar arkaly edara-kärhanalarynda iş bilen üpjünçiligi ýola goýmak
Ahal welaýat häkimliginiň 7-nji hünär-tehniki okuw mekdebi,1,"Ylym-bilim ulgamlaryny kämilleşdirmek, ýaşlar barada döwlet syýasaty bilen bagly maslahatlary geçirmegi yzygider ýola goýmaly"
Ahal welaýat häkimliginiň 7-nji hünär-tehniki okuw mekdebi,2,Hünär öwretmegiň täzeçe usullaryny gözlemeli we tejribe alyşmaly
Ahal welaýat häkimliginiň 7-nji hünär-tehniki okuw mekdebi,4,Bilimiň pugtalandyrylmagy üçin hünär-tehniki okuw mekdeplerine döwlet tarapyndan hemaýat-goldaw bermeli
Ahal welaýat häkimliginiň 7-nji hünär-tehniki okuw mekdebi,6,"Hünär-tehniki okuw mekdepleriniň okatmagyň täze tehnologiýalar bilen üpjünçiligini ýola goýmaly, hemaýat etmeli"
Ahal welaýat häkimliginiň 7-nji hünär-tehniki okuw mekdebi,17,"Hünär-tehniki okuw mekdeplerine isleg birdirýän harby borçly ýaş raýat oglanlary, okuwyny doly tamamlandan soň harby gullugyna ibermekligi ýola goýmak"
Ahal welaýat häkimliginiň 4-nji hünär-tehniki okuw mekdebi,1,"Ylym-bilim ulgamlaryny kämilleşdirmek, ýaşlar barada döwlet syýasaty bilen bagly maslahatlary geçirmegi yzygider ýola goýmaly"
Ahal welaýat häkimliginiň 4-nji hünär-tehniki okuw mekdebi,1,"Gahryman Arkadagymyzyň öňe süren tekliplerini durmuşa ornaşdyrmak bilen baglylykda wagyz-nesihat maslahataryny geçirmek, bu babatda köpçülikleýin habar beriş serişdelerinde professor-mugallymlaryň we talyplaryň çykyşlaryny guramak we gepleşikleri taýýarlamak"
Ahal welaýat häkimliginiň 4-nji hünär-tehniki okuw mekdebi,2,Hünär öwretmegiň täzeçe usullaryny gözlemeli we tejribe alyşmaly
Ahal welaýat häkimliginiň 4-nji hünär-tehniki okuw mekdebi,4,Bilimiň pugtalandyrylmagy üçin hünär-tehniki okuw mekdeplerine döwlet tarapyndan hemaýat-goldaw bermeli
Ahal welaýat häkimliginiň 4-nji hünär-tehniki okuw mekdebi,4,Hünär – tehniki okuw mekdeplerini ähli salgytlardan we ýygymlardan boşatmaly.
Ahal welaýat häkimliginiň 4-nji hünär-tehniki okuw mekdebi,4,"Hünär – tehniki okuw mekdepleriniň Komunal töleglerini (tok, gaz, suw we ş.m) býujet bahadan töletmeli."
Ahal welaýat häkimliginiň 4-nji hünär-tehniki okuw mekdebi,6,"Hünär-tehniki okuw mekdepleriniň okatmagyň täze tehnologiýalar bilen üpjünçiligini ýola goýmaly, hemaýat etmeli"
Ahal welaýat häkimliginiň 4-nji hünär-tehniki okuw mekdebi,17,Hünär-tehniki okuw mekdeplerinde uzak möhletli okuwlaryň okuwynyň başlanýan wagtyny hünäre toparyň doly toplanan wagty ýylyň islendik wagtynda başlanmagyny ýola goýmaly
Ahal welaýat häkimliginiň 4-nji hünär-tehniki okuw mekdebi,17,Milli maslahatlaşmalarda öňe sürülen teklipleri durmuşa geçirmekligi hem-de ýurdumyzyň edara kärhanalarynda öz hünärleri boýunça başarnykly ýaşlary ýetişdirmekligi gazanmaly.
Ahal welaýatynyň Kaka etrap häkimliginiň 1-nji hünär-tehniki okuw mekdebi,2,Hünär-tehniki okuw mekdeplerini tapawutly diplom bilen tamamlaýan    talyplary iş orunlary bilen üpjün etmek
Ahal welaýatynyň Kaka etrap häkimliginiň 1-nji hünär-tehniki okuw mekdebi,3,"Hünär-tehniki  okuw mekdeplerine  okuwa kabul  edilen harby  gulluga   çagyrylmaga  degişli erkek  oglanlaryň okuwyny  doly  tamamlap ,degişli  hünäri  ele alanlaryndan soň harby gulluga  çagyrylmagyny  ýola gaýmak"
Ahal welaýatynyň Kaka etrap häkimliginiň 1-nji hünär-tehniki okuw mekdebi,4,Hünär-tehniki  okuw mekdeplerini  salgytlaryň we ýygymlaryň ähli görnüşlerinden  boşatmak
Ahal welaýatynyň Kaka etrap häkimliginiň 1-nji hünär-tehniki okuw mekdebi,6,Hünär-tehniki  okuw mekdeplerinde  her bir okadylýan hünär dersleri boýunça gollanmalary (elektron ýa-da çap edilen görnüşde)bilen üpjün etmek
Ahal welaýatynyň Sarahs etrap häkimliginiň 3-nji hünär-tehniki okuw mekdebi,1,Ylym-bilim ulgamyny kämilleşdirmek ýaşlar barada döwlet syýasaty  bilen bagly maslahatlary geçirmegi yzygiderli ýola goýmaly
Ahal welaýatynyň Sarahs etrap häkimliginiň 3-nji hünär-tehniki okuw mekdebi,2,Hünäri öwrenmegiň täzeçe usullaryny görkezmeli we hünär-tehniki okuw mekdepleriniň arasynda tejribe alyşmaly
Ahal welaýatynyň Sarahs etrap häkimliginiň 3-nji hünär-tehniki okuw mekdebi,3,Hünäri pugtalandyrylmagy üçin hünär-tehniki okuw mekdeplerine döwlet tarapyndan hemaýat goldow bermeli  
Ahal welaýatynyň Sarahs etrap häkimliginiň 3-nji hünär-tehniki okuw mekdebi,4,Hünär tehniki okuw mekdeplerinde okatmagyň täze tehnologiýalar bilen üpjünçiligi ýola goýmaly hem-de okuw töleglerini galdyrylmagy 
Ahal welaýatynyň Sarahs etrap häkimliginiň 3-nji hünär-tehniki okuw mekdebi,5,"Hünär tehniki okuw mekdeplerinde hünärleri açmak ""kitaphanaçy we arhiwçi"",""Buhgalter ykdysadyýetçi"""
”Türkmenobahyzmat” döwlet birleşiginiň “Ahalobahyzmat” önümçilik birleşiginiň Bäherden etrabyndaky hünär-tehniki okuw mekdebi,1,Berkarar döwletimiziň täze Galkynyşy döwrüne mynasyp nesilleri ýetişdirmekde alnyp barylýan işlerine salgylanmak 
”Türkmenobahyzmat” döwlet birleşiginiň “Ahalobahyzmat” önümçilik birleşiginiň Bäherden etrabyndaky hünär-tehniki okuw mekdebi,2,Hünär-tehniki okuw mekdepleriniň arasynda degişli işleriň alnyp barylýandygyny özara baglanyşyklaryny saklamak
”Türkmenobahyzmat” döwlet birleşiginiň “Ahalobahyzmat” önümçilik birleşiginiň Bäherden etrabyndaky hünär-tehniki okuw mekdebi,3,Watan gullugyna gitmedik talyp oglanlary okuwy tamamlanýança harby borçlylykdan boşadylmagy
”Türkmenobahyzmat” döwlet birleşiginiň “Ahalobahyzmat” önümçilik birleşiginiň Bäherden etrabyndaky hünär-tehniki okuw mekdebi,4,Hünär okuw ulgamyny zähmet bazary bilen hemişe arabaglanyşygy  saklap ykdysady ösüşiň talaplary bilen deň hereket etmegi
Ahal welaýat häkimliginiň 5-nji hünär-tehniki okuw mekdebi,1,Ylym-bilim ulgamyny kämilleşdirmek ýaşlar barada döwlet syýasaty bilen bagly maslahatlary geçirmegi yzygiderli ýola goýmaly
Ahal welaýat häkimliginiň 5-nji hünär-tehniki okuw mekdebi,2,Hünäri öwretmegiň giň täzeçe usullaryny gözlemeli we hünär-tehniki okuw mekdepleriniň arasynda tejribe alyşmaly
Ahal welaýat häkimliginiň 5-nji hünär-tehniki okuw mekdebi,3,Bilimiň pugtalandyrylmagy üçin hünär-tehniki okuw mekdeplerine döwlet tarapyndan hemaýat-goldaw bermeli hem-de okuwy tamamlan talyplary iş bilen üpjünçiligini göz öňünde tutmaly
Ahal welaýat häkimliginiň 5-nji hünär-tehniki okuw mekdebi,4,Hünär-tehniki okuw mekdeplerinde okatmagyň täze tehnologiýalar bilen üpjünçiligini ýola goýmaly hem-de salgytlaryň we ýygymlaryň ähli görnüşlerinden boşadylmagyna ýardam bermeli
Ahal welaýat häkimliginiň 5-nji hünär-tehniki okuw mekdebi,17,Hünär-tehniki okuw mekdeplerinde uzak möhletli okuwlaryň başlanýan wagtyny hünär öwrenijileriň doly toplanan wagty ýylyň islendik wagtynda başladylmagyny ýola goýmaly 
Ahal welaýat häkimliginiň 6-njy hünär-tehniki okuw mekdebi,1,Ylym-bilim ulgamyny kqmilleşdirmek ýaşlar barada döwlet syýasaty  bilen bagly maslahatlary geçirmegi yzygiderli ýola goýmaly
Ahal welaýat häkimliginiň 6-njy hünär-tehniki okuw mekdebi,2,Hünäri öwrenmegiň täzeçe usullaryny görkezmeli we hünär-tehniki okuw mekdepleriniň arasynda tejribe alyşmaly
Ahal welaýat häkimliginiň 6-njy hünär-tehniki okuw mekdebi,3,Hünäri pugtalandyrylmagy üçin hünär-tehniki okuw mekdeplerine döwlet tarapyndan hemaýat goldow bermeli  
Ahal welaýat häkimliginiň 6-njy hünär-tehniki okuw mekdebi,4,Hünär tehniki okuw mekdeplerinde okatmagyň täze tehnologiýalar bilen üpjünçiligi ýola goýmaly hem-de okuw töleglerini galdyrylmagy 
Ahal welaýat häkimliginiň 6-njy hünär-tehniki okuw mekdebi,6,"Hünär tehniki okuw mekdeplerinde hünärleri açmak ""kitaphanaçy we arhiwçi"",""Buhgalter ykdysadyýetçi"""
Ahal welaýatynyň Tejen etrap häkimliginiň 2-nji hünär-tehniki okuw mekdebi,1,"Ylymyň, tehnikanyň örän çalt depginlerde ösmegi, täze tehnologiýalaryň döremegi bilen baglylykda bilim edaralarynda okatmagyň usulyýetini kämilleşdirmek"
Ahal welaýatynyň Tejen etrap häkimliginiň 2-nji hünär-tehniki okuw mekdebi,2,"Hünär-tehniki okuw mekdepleriniň arasynda degişli işleriň alnyp barylýandygyny, özara baglanşyklary saklamak"
Ahal welaýatynyň Tejen etrap häkimliginiň 2-nji hünär-tehniki okuw mekdebi,3,"Umumybilim berýän mekdepleriň 10-njy synpyny tamamlaýan mekdep okuwçylarynyň isleg bildirýünlerine, orta mekdebiň 11-12-nji synplarynyň maksatnamasyny hünär-tehniki okuw mekdeplerinde dowam etdirmäge mümkinçilik döretmek (tölegli esasynda, diňe hünär bilimi üçin töleg almak şerti bilen)"
Ahal welaýatynyň Tejen etrap häkimliginiň 2-nji hünär-tehniki okuw mekdebi,4,Hünär okuw ulgamy çalt üýtgeýän zähmet bazary bilen hemişe arabaglanyşygy saklap ykdysady ösüşiň talaplary bilen aýakdaş hereket etmegi.
”Türkmenobahyzmat” döwlet birleşiginiň “Ahalobahyzmat” önümçilik birleşiginiň Tejen şäherindäki  hünär-tehniki okuw mekdebi,1,"Täze döwür amala aşyrylýan özgertmeleri has-da giňeldip, jemgyýetimiziň aň-bilim mümkinçiligini ýokarlandyrmagy "
”Türkmenobahyzmat” döwlet birleşiginiň “Ahalobahyzmat” önümçilik birleşiginiň Tejen şäherindäki  hünär-tehniki okuw mekdebi,2,"hünär-tehniki okuw mekdepleriniň arasynda degişli işleriň alnyp barylýandygyny, özara baglanşyklary saklamak "
”Türkmenobahyzmat” döwlet birleşiginiň “Ahalobahyzmat” önümçilik birleşiginiň Tejen şäherindäki  hünär-tehniki okuw mekdebi,4,hünär-tehniki okuw mekdeplerini salgytlaryň we ýygymlaryň ähli görnüşlerinden boşadylmagy
”Türkmenobahyzmat” döwlet birleşiginiň “Ahalobahyzmat” önümçilik birleşiginiň Tejen şäherindäki  hünär-tehniki okuw mekdebi,6,Hünär okuw ulgamy çalt üýtgeýän zähmet bazary bilen hemişe arabaglanyşygy saklap ykdysady ösüşiň talaplary bilen aýakdaş hereket etmegi
“Türkmennebit” döwlet konserniniň Türkmenbaşydaky nebiti gaýtadan işleýän zawodlar toplumynyň hünär-tehniki okuw mekdebi,6,Döwrüň talabyna görä çalt üýtgeýän zähmet baza şertlerinde dünýäniň öňdebaryjy tejribesini öwrenmek üçin hünär tehniki webinarlar toplumynyň işläp düzmegiň guramak.
Balkanabat nebitçilik orta hünär okuw mekdebiniň  2-nji hünär-tehniki okuw mekdebi,1,"Bilim edaralary mugallymlaryň hünär şahsyýetini kämilleşdirmäge şert döretmeli, hünär taýdan dowamly ösüşini ýeňilleşdirmäge we talyplar bilen okuw işini alyp barmakda mugallymlara öz pikirlerini we tejribelerini netijeli ulanmaga mümkinçilik berýän dolandyryş işlerini amala aşyrmak."
Balkanabat nebitçilik orta hünär okuw mekdebiniň  2-nji hünär-tehniki okuw mekdebi,2,Sanly we tehnologik ösüş üçin bilim edaralarynda mümkinçilikleri döretmek.
Balkanabat nebitçilik orta hünär okuw mekdebiniň  2-nji hünär-tehniki okuw mekdebi,3,Bilimiň ähli derejelerinde başarnyklara esaslanýan bilim maksatnamalaryny taslamak we ösdürmek hem-de öwrenmegiň adaty reproduktiw usulyndan bilimiň konstruktiw başarnyklara esaslanýan usulyna geçmegi dowam etmek.
Balkanabat nebitçilik orta hünär okuw mekdebiniň  2-nji hünär-tehniki okuw mekdebi,4,Döwlet bilim edaralarynda tölegsiz umumy orta bilimi hem-de bilime berilýän döwlet maliýe goldawyny dowam etdirmek we güýçlendirmek.
Balkanabat nebitçilik orta hünär okuw mekdebiniň  2-nji hünär-tehniki okuw mekdebi,6,"Sanly bilimiň mümkinçiliginden giňden peýdalanmaklygy ýola goýmak, islendik ýerde internete girmek we enjamlary ulanmak mümkinçiligini dňretmek."
Balkanabat nebitçilik orta hünär okuw mekdebiniň  2-nji hünär-tehniki okuw mekdebi,11,Bilim edaralary ylmyň täze gazanan üstünliklerinden netijeli peýdalanmaklygy we talyplaryň okaýan hünärleri bilen baglanşykly edara-kärhanalarda önümçilik tejribelerini geçmekligini hem-de talyplaryň önümçilik tejribelikleriniň geçişine berk gözegçilik etmek bilen adara-kärhanalar bilen ýakyn arabaglanşygy ýola goýmak.
Balkanabat nebitçilik orta hünär okuw mekdebiniň  2-nji hünär-tehniki okuw mekdebi,15,"""Türkmenistanda ylym ulgamuyny ösdürmegiň 2024-2025-nji ýyllar üçin strategiýasyna"" esaslanyp hünär-tehniki okuw mekdepleri ösdürmegiň strategiýasyny işläp taýýarlamaly hem-de bu babatda hünär-tehniki okuw mekdepleriniň arasynda ýakyn arabaglanşygy ýola goýmaly."
Balkanabat nebitçilik orta hünär okuw mekdebiniň  2-nji hünär-tehniki okuw mekdebi,17,Milli maslahatlaşmalarda öňe sürülen teklipleri durmuşa geçirmekligi hem-de ýurdumyzyň edara kärhanalarynda öz hünärleri boýunça başarnykly ýaşlary ýetişdirmekligi gazanmaly.
”Türkmenobahyzmat” döwlet birleşiginiň “Balkanobahyzmat” önümçilik birleşiginiň Gyzylarbat etrabyndaky hünär-tehniki okuw mekdebi,1,Sanly we tehnologik ösüş üçin bilim edaralarda muňkinçilikleri döretmek
”Türkmenobahyzmat” döwlet birleşiginiň “Balkanobahyzmat” önümçilik birleşiginiň Gyzylarbat etrabyndaky hünär-tehniki okuw mekdebi,2,Täze bilim maksatnamalaryny taslamak
”Türkmenobahyzmat” döwlet birleşiginiň “Balkanobahyzmat” önümçilik birleşiginiň Gyzylarbat etrabyndaky hünär-tehniki okuw mekdebi,6,Okaýanlaryň zerurlyklaryna yzygiderli gözegçilik edilmeli
Balkanabat şäher häkimliginiň Gumdag şäherçesindäki 3-nji hünär-tehniki okuw mekdebi,4,Hünär-tehniki okuw mekdepleriň mugallymlarynyň orta mekdeplerde sagatlaýyn okatmak üçin şertleri döretmek.
Balkanabat şäher häkimliginiň Gumdag şäherçesindäki 3-nji hünär-tehniki okuw mekdebi,6,11-12-nji synplarda hünäre ugrukdyryş dersleri girizmek.
Balkanabat şäher häkimliginiň Gumdag şäherçesindäki 3-nji hünär-tehniki okuw mekdebi,11,Dual-hünär bilimi boýunça iş berijiler bilen bilelikde çäreler toplumyny meýilleşdirmek.
”Türkmenobahyzmat” döwlet birleşiginiň “Balkanobahyzmat” önümçilik birleşiginiň Bereket şäherindäki hünär-tehniki okuw mekdebi,1,Sanly we tehnologik ösüş üçin bilim edaralarda mümkin-çilikleri döretmek
”Türkmenobahyzmat” döwlet birleşiginiň “Balkanobahyzmat” önümçilik birleşiginiň Bereket şäherindäki hünär-tehniki okuw mekdebi,2,Täze bilim maksat-nama-laryny taslamak
”Türkmenobahyzmat” döwlet birleşiginiň “Balkanobahyzmat” önümçilik birleşiginiň Bereket şäherindäki hünär-tehniki okuw mekdebi,6,Okaýanlaryň zerurlyklaryna yzygiderli gözegçilik edilmeli
Balkan welaýat häkimliginiň Gyzylarbat etrabyndaky hünär-tehniki okuw mekdebi,4,Hünär-tehniki okuw mekdeplerini salgytlardan boşadylmagyny
Balkan welaýat häkimliginiň Gyzylarbat etrabyndaky hünär-tehniki okuw mekdebi,6,Ýaşlaryň orta bilim alýan döwründe utgaşdyryp başlangyç hünär bilimini almaklygy
Balkan welaýat häkimliginiň Gyzylarbat etrabyndaky hünär-tehniki okuw mekdebi,17,Hünär-tehniki okuw mekdeplerini orta hünär okuw mekdebine öwürmekligi
Balkanabat şäher häkimliginiň Hazar şäherçesindäki 1-nji hünär-tehniki okuw mekdebi,1,"Bilim edaralarynyň mugallymlarynyň hünär şahsyýetini kämilleşdirmäge şert döretmeli, hünär taýdan dowamly ösüşini ýeňilleşdirmäge we talyplar bilen okuw işini alyp barmakda mugallymlara öz pikirlerini we tejiribelerini netijeli ulanmaga mümkinçilik berýän dolandyryş işlerini amala aşyrmak."
Balkanabat şäher häkimliginiň Hazar şäherçesindäki 1-nji hünär-tehniki okuw mekdebi,2,Sanly we tehnologik ösüş üçin bilim edaralarynda mümkinçilikleri döretmek.
Balkanabat şäher häkimliginiň Hazar şäherçesindäki 1-nji hünär-tehniki okuw mekdebi,3,Bilimiň derejelerinde başarnyklara esaslanýan bilim maksatnamalaryny taslamak we ösdürmek hem-de öwrenmegiň adaty reproduktiw usulynda bilimiň konstruktiw başarnylara esaslanýan usulyna geçmegi dowam etmek
Balkanabat şäher häkimliginiň Hazar şäherçesindäki 1-nji hünär-tehniki okuw mekdebi,4,Döwlet bilim edaralarynda tölegsiz umumy orta bilimi hem-de bilime berilýän döwlet maliýe goldawyny dowam etdirmek we güýçlendirmek 
Balkanabat şäher häkimliginiň Hazar şäherçesindäki 1-nji hünär-tehniki okuw mekdebi,6,"Sanly bilimiň mümkinçliginden giňden peýdalanmaklygy ýola goýmak, islendik ýerde internete girmek we enjamlary ulanmak mümkinçiligini döretmek"
Balkanabat şäher häkimliginiň Hazar şäherçesindäki 1-nji hünär-tehniki okuw mekdebi,11,Bilim edaralarynda täze gazanan üstünlikliklerinden netijeli peýdalanmaklygy we talyplaryň okaýan hünärleri bilen baglanyşykly edara-kärhanlarynda önümçilik tejiribelerini geçmekligini hem-de talyplaryň önümçilik tejiribeliklerini geçi'ine berk gözegçilik etmek bilen edara-kärhanalar bilen ýakyn arabaglanyşygy ýola goymak.
Balkanabat şäher häkimliginiň Hazar şäherçesindäki 1-nji hünär-tehniki okuw mekdebi,15,"""Türkmenistanda ylym ulgamyny ösdürmegiň 2024-2025-nji ýyllar üçin strategiýasyna"" esaslanyp hünär-tehniki okuw mekdepleri ösdürmegiň strategiýasyny işläp taýýarlamaly hem-de bu babatda hünär-tehniki okuw mekdepleriniň arasynda ýakyn arabaglanyşygy ýola goymak"
Daşoguz welaýat häkimliginiň garamagyndaky 1-nji hünär-tehniki okuw mekdebi,11,Ýokary okuw mekdeplerinde ylym-bilim-önümçilik arabaglanyşygynyň kämil usulyny döretmekde bilim alýan hünäri boýunça degişli edara-kärhanalarda önümçilik tejribeliginiň möhletini uzaltmak;
Daşoguz welaýat häkimliginiň garamagyndaky 1-nji hünär-tehniki okuw mekdebi,15,Ýokary bilimi ösdürmegiň Strategiýasyny taýýarlamakda dünýäniň öňdebaryjy bilim edaralary bilen hyzmatdaşlygy artdyrmak;  
Daşoguz welaýat häkimliginiň garamagyndaky 2-nji hünär-tehniki okuw mekdebi,1,"ýaş nesilleri milli gymmatlyklarymyza, däp-dessurlarymyza buýsanç ruhunda, ynsanperwer kadalarymyz esasynda terbiýelemek üçin meşhur şahsyýetlerimiziň ýadygärliklerini ebedileşdirmek boýunça degişli işleri alyp barmaly"
Daşoguz welaýat häkimliginiň garamagyndaky 2-nji hünär-tehniki okuw mekdebi,11,"Ylmyň we tehnikanyň örän çalt depginlerde ösmegi, täze tehnologiýalaryň döremegi bilen baglylykda, bilim edaralarynda okatmagyň usulyýetini kämilleşdirmek"
Boldumsaz etrap  häkimliginiň garamagyndaky 3-nji hünär-tehniki okuw mekdebi,11,Ýokary okuw mekdeplerinde ylym-bilim-önümçilik arabaglanyşygynyň kämil usulyny ýola goýmaly 
Boldumsaz etrap  häkimliginiň garamagyndaky 3-nji hünär-tehniki okuw mekdebi,15,Ýokary bilimi ösdürmegiň Strategiýasyny taýýarlamaklygy çaltlaşdyrmaly
Şabat etrap häkimliginiň garamagyndaky 4-nji hünär-tehniki okuw mekdebi,2,Sanly tehnologiýalary ulanmagyň netijesinde ýaşlarda göwniçökgünlik duýgylaaryny döremeginiň öňüni almak çäreleri meýilleşdirmek. 
Şabat etrap häkimliginiň garamagyndaky 4-nji hünär-tehniki okuw mekdebi,3,Bilim edaralarynyň özbaşdaklygyny goldamak.
Şabat etrap häkimliginiň garamagyndaky 4-nji hünär-tehniki okuw mekdebi,4,Sanly bilimde deňsizligi aradan aýyrmak üçin serişdeleri bölüp bermek.
Şabat etrap häkimliginiň garamagyndaky 4-nji hünär-tehniki okuw mekdebi,6,Bilim işiniň merkezinde okaýanlary goýýan usula tapgyrlaýyn geçmek.
“Türkmenpagta”döwlet konserniniň “Daşoguzpagta” önümçilik birleşiginiň Akdepe etrabyndaky  hünär-tehniki okuw mekdebi,1,Talyp ýaşlaryň döredijiligini we başarnygyny ýokarlandyrmak
“Türkmenpagta”döwlet konserniniň “Daşoguzpagta” önümçilik birleşiginiň Akdepe etrabyndaky  hünär-tehniki okuw mekdebi,2,Bilim başarnyklaryny öňe sürmek
“Türkmenpagta”döwlet konserniniň “Daşoguzpagta” önümçilik birleşiginiň Akdepe etrabyndaky  hünär-tehniki okuw mekdebi,3,Okaýanlaryň öz islegini beýan edip bilmegi we öňünde goýan maksatlary amala aşyrmak
“Türkmenpagta”döwlet konserniniň “Daşoguzpagta” önümçilik birleşiginiň Akdepe etrabyndaky  hünär-tehniki okuw mekdebi,4,Döwlet maliýe goldawy bermegi dowam etmek
“Türkmenpagta”döwlet konserniniň “Daşoguzpagta” önümçilik birleşiginiň Akdepe etrabyndaky  hünär-tehniki okuw mekdebi,6,Sanly we tehnologiki ösüş üçin mümkinçiliklri döretmek
“Türkmenpagta”döwlet konserniniň “Daşoguzpagta” önümçilik birleşiginiň Akdepe etrabyndaky  hünär-tehniki okuw mekdebi,15,Dual(ikitaraplaýyn) hünär bilimini ornaşdyrmak
“Türkmenpagta”döwlet konserniniň “Daşoguzpagta” önümçilik birleşiginiň Akdepe etrabyndaky  hünär-tehniki okuw mekdebi,16,Tälimçilik terbýieçilik işleri şahsy we toparlaýyn okuwlar arkaly ösdürmek
“Türkmenpagta”döwlet konserniniň “Daşoguzpagta” önümçilik birleşiginiň Akdepe etrabyndaky  hünär-tehniki okuw mekdebi,17,Ähli toparlaryň pikirlerini we maglumatlaryny toplamak we jemlemek
Görogly etrap  häkimliginiň garamagyndaky 5-nji hünär-tehniki okuw mekdebi,6,Mugallymlaryň barha tizleşýän durmuş we tehnologiki özgertmelerden baş alyp çykarmaklyga gönükdirmek.
Köneürgenç etrap  häkimliginiň garamagyndaky 6-njy hünär-tehniki okuw mekdebi,11,Ýokary okuw mekdeplerinde ylym-bilim-önümçilik arabaglanyşygynyň kämil usulyny ýola goýmaly 
Köneürgenç etrap  häkimliginiň garamagyndaky 6-njy hünär-tehniki okuw mekdebi,15,Ýokary bilimi ösdürmegiň Strategiýasyny taýýarla     maklygy çaltlaşdyr     maly
”Türkmenobahyzmat” döwlet birleşiginiň “Daşoguzobahyzmat” önümçilik birleşiginiň Daşoguz şäherindäki hünär-tehniki okuw mekdebi,1,Talyp ýaşlaryň döredijiligini we başarnyklaryny ýokarlandyrmak 
”Türkmenobahyzmat” döwlet birleşiginiň “Daşoguzobahyzmat” önümçilik birleşiginiň Daşoguz şäherindäki hünär-tehniki okuw mekdebi,2,Bilimiň başarnyklaryny öňe sürmek
”Türkmenobahyzmat” döwlet birleşiginiň “Daşoguzobahyzmat” önümçilik birleşiginiň Daşoguz şäherindäki hünär-tehniki okuw mekdebi,3,Okaýanlaryn öz isleglerini beýan edip bilmekligi we öňünde goýlan maksatlary amala aşyrmak
”Türkmenobahyzmat” döwlet birleşiginiň “Daşoguzobahyzmat” önümçilik birleşiginiň Daşoguz şäherindäki hünär-tehniki okuw mekdebi,4,Döwlet maliýe goldawyny bermegi dowam etdirmek 
”Türkmenobahyzmat” döwlet birleşiginiň “Daşoguzobahyzmat” önümçilik birleşiginiň Daşoguz şäherindäki hünär-tehniki okuw mekdebi,6,Sanly we tehnologik ösüş üçin mümkinçilikleri döretmek
”Türkmenobahyzmat” döwlet birleşiginiň “Daşoguzobahyzmat” önümçilik birleşiginiň Daşoguz şäherindäki hünär-tehniki okuw mekdebi,11,Dual hünär bilimini ornaşdurmak
”Türkmenobahyzmat” döwlet birleşiginiň “Daşoguzobahyzmat” önümçilik birleşiginiň Daşoguz şäherindäki hünär-tehniki okuw mekdebi,15,"Tälimçilik, terbiýeçilik işleri şahsy we toparlaýyn okuwlar arkaly ösdürmek "
”Türkmenobahyzmat” döwlet birleşiginiň “Daşoguzobahyzmat” önümçilik birleşiginiň Daşoguz şäherindäki hünär-tehniki okuw mekdebi,17,Ähli taraplaryň pikirlarini we maglumatlaryny toplamak we jemlemek
Akdepe etrap häkimliginiň 7-nji hünär-tehniki okuw mekdebi,1,Gahryman Arkadagymyzyň öňe süren tekliplerinden ugur alyp ýaşlaryň arasynda teklipleriň many-mazmunyny düşündirmek maksady bilen yzygider maslahatlary geçirmek ähmiýetini düşündirmek bilen bagly maslahatlar;
Akdepe etrap häkimliginiň 7-nji hünär-tehniki okuw mekdebi,2,Bilim ulgamynda öňdebaryjy döwletleriň ýaşlara bilim bermekde we okatmakda usulyýetlerini ornaşdyrmak 
Akdepe etrap häkimliginiň 7-nji hünär-tehniki okuw mekdebi,3," Ýaşlaryň bilim ulgamynda halkara bäsleşiklere gatnaşmaklaryny artdyryp, baýrakly orunlary gazanmaklaryny ýola goýmaly"
Akdepe etrap häkimliginiň 7-nji hünär-tehniki okuw mekdebi,4,Ýurdumyzyň bilim ulgamyny pugtalandyrmaklyga höweslendirmekde ähli görkezijileri öňdebaryjy bolan bilim edaralaryna grantlaryň berilişini ýola goýmak 
Akdepe etrap häkimliginiň 7-nji hünär-tehniki okuw mekdebi,6,Her bir bilim edaralarynda tehnologiki merkezlerini döretmek
Akdepe etrap häkimliginiň 7-nji hünär-tehniki okuw mekdebi,11,Ýokary okuw mekdeplerinde ylym-bilim-önümçilik arabaglanyşygynyň kämil usulyny döretmekde bilim alýan hünäri boýunça degişli edara-kärhanalarda önümçilik tejribeliginiň möhletini uzaltmak;
Akdepe etrap häkimliginiň 7-nji hünär-tehniki okuw mekdebi,15,Ýokary bilimi ösdürmegiň Strategiýasyny taýýarlamakda dünýäniň öňdebaryjy bilim edaralary bilen hyzmatdaşlygy artdyrmak;  
Akdepe etrap häkimliginiň 7-nji hünär-tehniki okuw mekdebi,17,Ähli taraplaryň pikirlarini we maglumatlaryny toplamak we jemlemek
Saparmyrat Türkmenbaşy etrap  häkimliginiň 8-nji hünär-tehniki okuw mekdebi,11,Ýokary okuw mekdeplerinde ylym-bilim-önümçilik arabaglanyşygynyň kämil usulyny ýola goýmaly 
Saparmyrat Türkmenbaşy etrap  häkimliginiň 8-nji hünär-tehniki okuw mekdebi,16,Intellektual eýeçilik ulgamyny ösdürmegiň Konsepsiýasyny durmuşa geçirmekligi teklip edýäris 
Boldumsaz etrap  häkimliginiň garamagyndaky 9-njy  hünär-tehniki okuw mekdebi,3,Hünär tehniki bilim edaralarynda milli maksatnamalary we görkezijileri kesgitlemek boýunça işleri alyp barmak
Boldumsaz etrap  häkimliginiň garamagyndaky 9-njy  hünär-tehniki okuw mekdebi,3,Bilim bilen önümçiligiň işini utgaşdyrýan anyk mehanizi döretmeli
Boldumsaz etrap  häkimliginiň garamagyndaky 9-njy  hünär-tehniki okuw mekdebi,3,Watan gullugyna gitmedik talyp oglanlary okuwy tamamlanýança harby borçlylykdan boşadylmagy
Türkmenistanyň Energetika ministrliginiň Mary şäherindäki hünär-tehniki okuw mekdebi,1,Gahryman Arkadagymyzyň eserleriniň many mazmunyny yerine ýetirmek
Türkmenistanyň Energetika ministrliginiň Mary şäherindäki hünär-tehniki okuw mekdebi,2,Sanly ulgamy össürmek we kämilleşdirmek
Türkmenistanyň Energetika ministrliginiň Mary şäherindäki hünär-tehniki okuw mekdebi,3,Milli maksatnamalary bilim ulgamyna ornaşdyrmaga ýardam bermek
Türkmenistanyň Energetika ministrliginiň Mary şäherindäki hünär-tehniki okuw mekdebi,4,Mugallymlaryň zähmet haklaryny býudjetden maliýeleşdirmek
Türkmenistanyň Energetika ministrliginiň Mary şäherindäki hünär-tehniki okuw mekdebi,6,Okuw sapaklarynyň maglumatlaryny gerekli programma üpjinçiligi arkaly talyplaryň islendik ýerde özleşdirmäge mümkinçilik döretýan programma üpjinçiligini döretmek
Türkmenistanyň Energetika ministrliginiň Mary şäherindäki hünär-tehniki okuw mekdebi,11,Ýokary önümçilik edaralary bilen arabaglanşygy ýola goýmaly
Türkmenistanyň Energetika ministrliginiň Mary şäherindäki hünär-tehniki okuw mekdebi,15,Hünär tehniki bilim bermegiň Strategiýasyny ornaşdyrmaly
Türkmenistanyň Energetika ministrliginiň Mary şäherindäki hünär-tehniki okuw mekdebi,17,2024-nji ýylyň dekabr aýynda Milli maslahatlaşmalaryň jemleýji maslahatyny geçirmeli
Garagum etrap häkimliginiň garamagyndaky 2-nji hünär-tehniki okuw mekdebi,11,Okuwlaryň möhleti 1 (bir) okuw ýylyndan köp bolmasa indiki täze okuw ýylynda ýokary okuw jaýyna isleg arzuwy boýunça talyplyga dalaşgär bolmaga mümkinçilik döredýär. ( Ähli ýaşlaryň arzuwy).
Garagum etrap häkimliginiň garamagyndaky 2-nji hünär-tehniki okuw mekdebi,15, Mekdebiň ( hünär-tehniki) okuw-maddy bazasy boýunça hünär okuwlary okatmaga rugsat berilse gowy boljakdy .
S.A. Nyýazow adyndaky Türkmen oba hojalyk uniwersitetiniň  Tagtabazar etrabyndaky hünär-tehniki okuw mekdebi,6,Täze bilim edaralarynda okatmagyň usulyýetini düýpgöter ýokarlandyrmaly 
S.A. Nyýazow adyndaky Türkmen oba hojalyk uniwersitetiniň  Tagtabazar etrabyndaky hünär-tehniki okuw mekdebi,12,Ýaşlarymyzy milli gymmatlyklarymyza we däp- dessurlarymyza  buýsanyp ýaşar ýaly şertleri we mümkinçilikleri döretmeli
Türkmenobahyzmat” döwlet birleşiginiň “Maryobahyzmat” önümçilik birleşiginiň Mary şäherindäki hünär-tehniki okuw mekdebi,1, Okatmagyň usulyýetini kämilleşdirmek; 
”Türkmenobahyzmat” döwlet birleşiginiň “Maryobahyzmat” önümçilik birleşiginiň Baýramaly etrabyndaky hünär-tehniki okuw mekdebi,1, Okatmagyň usulyýetini kämilleşdirmek; 
Mary welaýatynyň häkimliginiň Sakarçäge etrabyndaky hünär-tehniki okuw mekdebi,1,Gahryman Arkadagymyzyň öňe sürrýän tekliplerini ýaşlaryň aňyna ornaşdyrmak makady bilen geçirilýän maslahatlary yzygiderli  geçirmeklik teklip edilýär 
Mary welaýatynyň häkimliginiň Sakarçäge etrabyndaky hünär-tehniki okuw mekdebi,4,HTO- mekdeplerini döwlet tarapyndan maliýeleşdirmegini teklip edilýär
Mary welaýatynyň häkimliginiň Sakarçäge etrabyndaky hünär-tehniki okuw mekdebi,6, Sanly bilim ulgamyny okatmagy hasda ösdürmek  teklip edilýär
Mary welaýatynyň häkimliginiň Mary etrabyndaky hünär-tehniki okuw mekdebi,1,Gahryman Arkadagymyzyň eserleriniň many mazmunyny yerine ýetirmek
Mary welaýatynyň häkimliginiň Mary etrabyndaky hünär-tehniki okuw mekdebi,2,Sanly ulgamy össürmek we kämilleşdirmek
Mary welaýatynyň häkimliginiň Mary etrabyndaky hünär-tehniki okuw mekdebi,6,Täze bilim edaralarynda okatmagyň usulyýetini düýpgöter ýokarlandyrmaly 
Mary welaýatynyň häkimliginiň Mary etrabyndaky hünär-tehniki okuw mekdebi,12,Ýaşlarymyzy milli gymmatlyklarymyza we däp- dessurlarymyza  buýsanyp ýaşar ýaly şertleri we mümkinçilikleri döretmeli
Mary welaýatynyň häkimliginiň Murgap etrabyndaky hünär-tehniki okuw mekdebi,1,"Mugallymlaryň, ýolbaşçylaryň we işgärleriň arasynda bilelikdäki mümkinçilikleri ösdürmek"
Mary welaýatynyň häkimliginiň Murgap etrabyndaky hünär-tehniki okuw mekdebi,2,Tehnologiki kuwwaty hasda artdyrmak
Mary welaýatynyň häkimliginiň Murgap etrabyndaky hünär-tehniki okuw mekdebi,3,Bilimiň ähli derejelerinde başarnyklara esaslanýan bilim maksatnamalarny taslamak we ösdürmek
Mary welaýatynyň häkimliginiň Murgap etrabyndaky hünär-tehniki okuw mekdebi,4,Hususy pudagyň bilimdäki paýyny artdyrmak
Mary welaýatynyň häkimliginiň Murgap etrabyndaky hünär-tehniki okuw mekdebi,6,Sanly we tehnologik ösüş üçin bilim edaralarynda mümkinçilikleri döretmek
Mary welaýatynyň häkimliginiň Murgap etrabyndaky hünär-tehniki okuw mekdebi,11,Hünär-tehniki okuw mekdeplerini degişli önümçilik edara-kärhanalar bilen özgertmegiň usullary
Mary welaýatynyň häkimliginiň Murgap etrabyndaky hünär-tehniki okuw mekdebi,15,Başarnyklara esaslanýan bilimi ösdürmek
Mary welaýatynyň häkimliginiň Murgap etrabyndaky hünär-tehniki okuw mekdebi,16,Hususy bilimi ösdürmek
Mary welaýatynyň häkimliginiň Baýramaly şäherindäki hünär-tehniki okuw mekdebi,1,11-12-nji synplaryň maksatnamasyny hünär-tehniki bilimiň maksatnamasy bilen bilelikde hünär-tehniki okuw mekdebinde dowam etdirmek 
Mary welaýatynyň häkimliginiň Ýolöten etrabyndaky hünär-tehniki okuw mekdebi,6,"Umumy bilim berýän orta mekdepleriň 10-nji synpyny tamamlaýan mekdep okuwçylarynyň isleg bildirýänlerine, orta mekdebiň 11-12-nji synplarynyň maksatnamasyny hünär-tehniki biliminiň maksatnamasy bilen bilelikde hünär-tehniki okuw mekdeplerinde dowam etdirmäge mümkinçilik döretmek(tölegli esasynda, diňe hünär bilimi üçin töleg almak şerti bilen)"
Türkmengala etrap häkimliginiň hünär-tehniki okuw mekdebi,6,11-12-nji synplaryň maksatnamasyny hünär-tehniki biliminiň maksatnamasy bilen bilelikde hünär-tehniki okuw mekdeplerinde dowam etdirmäge mümkinçilik döretmek.
Türkmenabat şäher häkimliginiň Türkmenistanyň Gahrymany Gurbansoltan eje adyndaky 1-nji hünär-tehniki okuw mekdebi,1,Garaşsyz Diýarymyzyň bagtyýar nesilleri baradaky atalyk aladalary üçin Gahryman Arkadagymyza uly minnetdarlyk bildirýäris.
Türkmenabat şäher häkimliginiň Türkmenistanyň Gahrymany Gurbansoltan eje adyndaky 1-nji hünär-tehniki okuw mekdebi,1,Gahryman Arkadagymyzyzyň okuw kitaplaryny sapaklarda yzygiderli giňişleýin öwrenmeli.
Türkmenabat şäher häkimliginiň Türkmenistanyň Gahrymany Gurbansoltan eje adyndaky 1-nji hünär-tehniki okuw mekdebi,2,"Okatmagyň usulyýeti dürli ugurlardan hünär bilimini almaklyk üçin döredilen her hili programmalar, kompýuter enjamlarynyň,multimediýa tagtalarynyň peýdalanmaklyga ýardam etmek"
Türkmenabat şäher häkimliginiň Türkmenistanyň Gahrymany Gurbansoltan eje adyndaky 1-nji hünär-tehniki okuw mekdebi,3,"Hünär bilimi maksatnamalary anyk ugurda hünär işiniň alnyp barylmagyna we anyk işçi hünärleri ýa-da hünär (taýýarlygyň ugry) boýunça işiň ýerine ýetirilmegine, şeýle hem hünär derejesiniň yzygiderli ýokarlandyrylmagyna mümkinçilik berýän bilimleriň, başarnyklaryň ele alynmagyna ýardam etmek"
Türkmenabat şäher häkimliginiň Türkmenistanyň Gahrymany Gurbansoltan eje adyndaky 1-nji hünär-tehniki okuw mekdebi,4,"Döwlet bilim edaralarynyň maliýeleşdirilişi bilim maksatnamalaryň mazmuny okatmagyň tehnologiýalaryny, okatmagyň görnüşlerini saglyk ýagdaýy sebäpli mümkinçilikleri çäkli okaýanlaryň bilim almagynyň ýörite şertlerini, okatmagyň we terbiýelemegiň howpsuz şertlerini üpjün etmek"
Türkmenabat şäher häkimliginiň Türkmenistanyň Gahrymany Gurbansoltan eje adyndaky 1-nji hünär-tehniki okuw mekdebi,6,"Türkmenistanda bilim ulgamyny kämilleşdirmek, giň gözýetimli innowasion tehnologiýalary dolandyrmaga ukyply ýaşlary terbiýeläp ýetişdirmek boýunça uly işleriň amala aşyrylmagyna ýardam etmek"
Türkmenabat şäher häkimliginiň Türkmenistanyň Gahrymany Gurbansoltan eje adyndaky 1-nji hünär-tehniki okuw mekdebi,11,Degişli eadara-kärhanalarda hünär-tehniki okuw mekdepleriniň talyplarynyň öz ugry boýunça önümçilik tejribesini geçmeklige ýardam etmek we şert döretmek
Türkmenabat şäher häkimliginiň Türkmenistanyň Gahrymany Gurbansoltan eje adyndaky 1-nji hünär-tehniki okuw mekdebi,15,"Hünär-tehniki okuw mekdepleriniň guramaçylyk we ykdysady gatnaşyklar pudagynda innowasiýa işlerini ösdürmek, häzirki zaman durmuş-ykdysady şertlerde mekdebiň ösmegi üçin ykdysdy esas döretmek"
Türkmenabat şäher häkimliginiň Türkmenistanyň Gahrymany Gurbansoltan eje adyndaky 1-nji hünär-tehniki okuw mekdebi,17,"Gahryman Arkadagymyza, Arkadagly Gahryman Serdarymyza türkmen ýaşlarynyň ylymly, bilimli, kämil dünýägaraýyşly bolmagy üçin edýän aladalaryna köp sag bolsun aýdýarys."
Türkmenabat şäher häkimliginiň 2-nji hünär-tehniki okuw mekdebi,1,Düşüniriş maslahatlaryny ýygy-ýygydan geçmeli
Türkmenabat şäher häkimliginiň 2-nji hünär-tehniki okuw mekdebi,3,"Sanly ulgama geçmek, kämilleşdirmek"
Türkmenabat şäher häkimliginiň 2-nji hünär-tehniki okuw mekdebi,4,Bilimi döwlet tarapyndan  maliýeleşdirilmegini üpjün etmegi güýçlendirmek
Türkmenabat şäher häkimliginiň 2-nji hünär-tehniki okuw mekdebi,6,"Sanly we tehnologik ösüş üçin bilim edaralarynda mümkinçilikleri döretmek,"
Türkmenabat şäher häkimliginiň 2-nji hünär-tehniki okuw mekdebi,11,Hünär-tehniki okuw mekdeplerinde önümçilik-tejribelik okuwlaryny kärhanalarda geçmek üçin mümkinçilik döretmek
Türkmenabat şäher häkimliginiň 2-nji hünär-tehniki okuw mekdebi,15,Hünär-tehniki okuw mekdeplerinde okuw-önümçilik meýilnamalaryny we mugallymlary kämille
Dänew etrap häkimliginiň 1-nji hünär-tehniki okuw mekdebi,1,Maslahatlary yzygiderli geçirmeli
Dänew etrap häkimliginiň 1-nji hünär-tehniki okuw mekdebi,2,Bilim ulgamynda innowasion tehnalogiýalary pugta ornaşdyrmak
Dänew etrap häkimliginiň 1-nji hünär-tehniki okuw mekdebi,4,Hünar-tehniki okuw mekdeplarini doly Döwlet býujetine geçirmeli
Dänew etrap häkimliginiň 1-nji hünär-tehniki okuw mekdebi,5,Ýaşlara dünýa dillerini çuňňur öwretýän gimnaziýalary açmak 
Dänew etrap häkimliginiň 1-nji hünär-tehniki okuw mekdebi,6,Mekdeplari döwrebap tehnalogiýalar bilen üpjün etmek 
Dänew etrap häkimliginiň 1-nji hünär-tehniki okuw mekdebi,17,Arkadagly Serdarymyzyň ýaşlar üçin edýän aladalaryndan ýörelge alyp Bilim ulgamyny kämilleşdirmegiň täze tehnalogiýalaryny girizmek 
Saýat etrap häkimliginiň 5-nji hünär-tehniki okuw mekdebi,6,Bilimiň ähli derejelerinde başarnyklara esaslanýan bilim maksatlaryny ösdürmek boýunça ussatlyk sapaklaryny guramak.
”Türkmenobahyzmat” döwlet birleşiginiň “Lebapobahyzmat” önümçilik birleşiginiň Saýat etrabyndaky hünär-tehniki okuw mekdebi,1,Gahryman Arkadagymyzyň öňe süren teklibini ýygy-ýygdan geçirmeli
”Türkmenobahyzmat” döwlet birleşiginiň “Lebapobahyzmat” önümçilik birleşiginiň Saýat etrabyndaky hünär-tehniki okuw mekdebi,3,Sanly ulgama geçmek
”Türkmenobahyzmat” döwlet birleşiginiň “Lebapobahyzmat” önümçilik birleşiginiň Saýat etrabyndaky hünär-tehniki okuw mekdebi,4,Bilimiň döwlet edaralarynda maliýeleşdirilmegi güýçlendirmek we gowulandyrmak
”Türkmenobahyzmat” döwlet birleşiginiň “Lebapobahyzmat” önümçilik birleşiginiň Saýat etrabyndaky hünär-tehniki okuw mekdebi,6,Bilimiň ähli derejelerinde başarnyklara esaslanýan bilim maksatlaryny ösdürmek boýunça ussatlyk sapaklaryny guramak.
Köýtendag etrap häkimliginiň hünär-tehniki okuw mekdebi,1,"2024-nji  ýylyň  24-nji  sentýabrynda  geçirilen  Týrkmenistanyň  Halk  Maslahatynyň  mejlisinde  Gahryman  Arkadagymyzyň  ""Täze  döwür  amala  aşyrýan  özgertmeleri  has-da  giňeldip,  jemgyýetimiziň  aň-bilim  baradaky""  çykyşlaryny  ýaşlaryň  arasynda  işläp  geçmek"
Köýtendag etrap häkimliginiň hünär-tehniki okuw mekdebi,3,Mekdebe  çenli  çagalar  edaralarynyň  hem-de  umumy  bilim  berýän  orta  mekdepleriniň  sanynyň  artdyrylmagy  esasynda  pedagogik  we  psihologik  işgärleriniň  hünäriniň  derejesiniň  ýokarlandyrmaklygyna  Hünär-tehniki  okuw  mekdeplerinde  hünär  toparlaryny  ýola  goýmak  barada
Köýtendag etrap häkimliginiň hünär-tehniki okuw mekdebi,4,Hünär-tehniki okuw mekdeplerini salgytlaryň we ýygymlaryň ähli görnüşlerinden boşadylmagy barada
Saýat etrap häkimliginiň hünär-tehniki okuw mekdebi,1,"Gahryman Arkadagymy zyň tabşyryklaryny ýerine ýetirmek maksady bilen,geçiril -meli maslahatlary ýygy - ýygydan gurnamaly"
Saýat etrap häkimliginiň hünär-tehniki okuw mekdebi,2,Edara - kärhanalar bilen bilelikdäki Dul (ikitaraplaýyn) okuwy ýola goýmaly
Saýat etrap häkimliginiň hünär-tehniki okuw mekdebi,4,Bilime berilýän  döwlet maliýe goldawyny güýçlendirmek 
Saýat etrap häkimliginiň hünär-tehniki okuw mekdebi,4,Hünär – tehniki okuw mekdepleriniň okuw tölegleriniň möçberini her ýylda 10 % (göterim) çenli götermeklige degişli ýokary gurama teklip etmeli.
Saýat etrap häkimliginiň hünär-tehniki okuw mekdebi,4,"Hünär – tehniki okuw mekdeplerini ähli salgytlardan we ýygymlardan
boşatmaly."
Saýat etrap häkimliginiň hünär-tehniki okuw mekdebi,6,Sanly ulgamda onlaýynyň kämil usullaryny döretmek
Saýat etrap häkimliginiň hünär-tehniki okuw mekdebi,6,"Orta mekdeplerdäki hünär okuwlaryny hünär – tehniki okuw mekdeplerine
bermeli."
Saýat etrap häkimliginiň hünär-tehniki okuw mekdebi,6,"umumy bilim berýän orta mekdepleriň 10-njy synpyny tamamlaýan mekdep
okuwçylarynyň isleg bildirýänlerine, orta mekdebiň 11-12 – nji synplarynyň
maksatnamasyny hünär – tehniki biliminiň maksatnamasy bilen bilelikde hünär –
tehniki okuw mekdeplerinde dowam etmäge mümkinçilik döretmeli."
Saýat etrap häkimliginiň hünär-tehniki okuw mekdebi,6,"Hünärleriň sanawyndaky (klassifikator) hünärleri beýleki guramalar bilen
ylalaşmazdan okatmaga rugsat bermeli."
Saýat etrap häkimliginiň hünär-tehniki okuw mekdebi,11,Hünärler boýunça beýleki guramalar bilen ylalaşmazdan okatmaklyga rugsat bermekligi ýola goýmak we tejribe okuwlary babatynda döreýän meseleleri aradan aýyrmak
Saýat etrap häkimliginiň hünär-tehniki okuw mekdebi,11,"Önümçilik – tejribe okuwlaryny kärhanalarda geçmekde döreýän meseleleri
aradan aýyrmaly."
Darganata etrap häkimliginiň 11-nji hünär-tehniki okuw mekdebi,1,Gahryman Arkadagymyzyň öňe süren teklibine laýyklykda geçirilýän maslahatlary geçirmegiň ähmiýetini düşündirmek bilen bagly maslahatlary ýygy ýygydan geçirmek 
Darganata etrap häkimliginiň 11-nji hünär-tehniki okuw mekdebi,3,Gutarnykly sanly ykdysady ulgama geçmek
Darganata etrap häkimliginiň 11-nji hünär-tehniki okuw mekdebi,4,Bilime Döwlet tarapyndan maliýe goldawyny güýçlendirmek
Darganata etrap häkimliginiň 11-nji hünär-tehniki okuw mekdebi,5,"Umumy bilim berýän orta mekdepleriň (11,12) synp okuwçylaryny hünär öwretmäge çekmek"
Darganata etrap häkimliginiň 11-nji hünär-tehniki okuw mekdebi,6,Sanly ulgamda onlaýn okuwlary guramagyň kämil usullaryny döretmek
Seýdiniň nebiti gaýtadan işleýän zawodynyň  15-nji hünär-tehniki okuw mekdebi,1,Gahryman Arkadagymyzyň öňe süren teklibine laýyklykda geçirilýän maslahatlary geçirmegiň ähmiýetini düşündirmek bilen bagly maslahatlary ýygy ýygydan geçirmek 
Seýdiniň nebiti gaýtadan işleýän zawodynyň  15-nji hünär-tehniki okuw mekdebi,3,Gutarnykly sanly ykdysady ulgama geçmek
Seýdiniň nebiti gaýtadan işleýän zawodynyň  15-nji hünär-tehniki okuw mekdebi,4,Bilime Döwlet tarapyndan maliýe goldawyny güýçlendirmek
Seýdiniň nebiti gaýtadan işleýän zawodynyň  15-nji hünär-tehniki okuw mekdebi,5,"Umumy bilim berýän orta mekdepleriň (11,12) synp okuwçylaryny hünär öwretmäge çekmek"
Seýdiniň nebiti gaýtadan işleýän zawodynyň  15-nji hünär-tehniki okuw mekdebi,6,Sanly ulgamda onlaýn okuwlary guramagyň kämil usullaryny döretmek
Garlyk kaliý dag-magdan toplumynyň Magdanly şäherindäki hünär-tehniki okuw mekdebi,1,"Gahryman Arkadagymyzyň  ýaşlar baradaky syýasatyny öňe sürmek, ýaşalar bilen işlemek"
Garlyk kaliý dag-magdan toplumynyň Magdanly şäherindäki hünär-tehniki okuw mekdebi,4,Ähli hünär-tehniki okuw mekdepleriniň okuw töleglerini deň derejede bellemek
Garlyk kaliý dag-magdan toplumynyň Magdanly şäherindäki hünär-tehniki okuw mekdebi,5,Bilimi kämilleşdirmek barada kurslary açmak
Halaç etrap häkimliginiň hünär-tehniki okuw mekdebi,1,Gahryman Arkadagymyzyň teklipleri bilen tanyşdyrmak
Halaç etrap häkimliginiň hünär-tehniki okuw mekdebi,2,Bilim mazmunyna okatmagyň usulyýetine täzeçe guramak
Halaç etrap häkimliginiň hünär-tehniki okuw mekdebi,3,Bilim ulgamynda Milli maksatlary we görkezijileri öwrenmek
Halaç etrap häkimliginiň hünär-tehniki okuw mekdebi,4,Bilimiň döwlet tarapyndan pugtalandyrylan we has durnukly maliýeleşdiril-megini dowamlaş-dyrmak
Halaç etrap häkimliginiň hünär-tehniki okuw mekdebi,6,Täze tehnologiýalaryň döremegi bilen baglylykda okatmagyň usulyýetini kämilleşdirmek
Halaç etrap häkimliginiň hünär-tehniki okuw mekdebi,11,Hünär-tehniki okuw mekdeplerinde ylym-bilimiň kämil usulla-ryny öwren-mek
Halaç etrap häkimliginiň hünär-tehniki okuw mekdebi,15,Hünär-tehniki bilimi ösdür-megiň strategi-ýalaryny taýýarlamak
Halaç etrap häkimliginiň hünär-tehniki okuw mekdebi,17,Jemleýji bölümi
Kerki etrap häkimliginiň hünär-tehniki okuw mekdebi,1,"Bilim edaralarynyň mugallymlarynyň hünär şahsyýetini kämilleşdirmäge şert döretmeli, hünär taýdan dowamly ösüşini ýeňilleşdirmäge we talyplar bilen okuw işini alyp barmakda mugallymlara öz pikirlerini we tejiribelerini netijeli ulanmaga mümkinçilik berýän dolandyryş işlerini amala aşyrmak."
Kerki etrap häkimliginiň hünär-tehniki okuw mekdebi,2,Mekdebe  çenli  çagalar  edaralarynyň  hem-de  umumy  bilim  berýän  orta  mekdepleriniň  sanynyň  artdyrylmagy  esasynda  pedagogik  we  psihologik  işgärleriniň  hünäriniň  derejesiniň  ýokarlandyrmaklygyna  Hünär-tehniki  okuw  mekdeplerinde  hünär  toparlaryny  ýola  goýmak  barada
Kerki etrap häkimliginiň hünär-tehniki okuw mekdebi,3,Bilimiň derejelerinde başarnyklara esaslanýan bilim maksatnamalaryny taslamak we ösdürmek hem-de öwrenmegiň adaty reproduktiw usulynda bilimiň konstruktiw başarnylara esaslanýan usulyna geçmegi dowam etmek
Kerki etrap häkimliginiň hünär-tehniki okuw mekdebi,4,Döwlet bilim edaralarynda tölegsiz umumy orta bilimi hem-de bilime berilýän döwlet maliýe goldawyny dowam etdirmek we güýçlendirmek 
Kerki etrap häkimliginiň hünär-tehniki okuw mekdebi,6,"Sanly bilimiň mümkinçliginden giňden peýdalanmaklygy ýola goýmak, islendik ýerde internete girmek we enjamlary ulanmak mümkinçiligini döretmek"
Kerki etrap häkimliginiň hünär-tehniki okuw mekdebi,11,"""Türkmenistanda ylym ulgamyny ösdürmegiň 2024-2025-nji ýyllar üçin strategiýasyna"" esaslanyp hünär-tehniki okuw mekdepleri ösdürmegiň strategiýasyny işläp taýýarlamaly hem-de bu babatda hünär-tehniki okuw mekdepleriniň arasynda ýakyn arabaglanyşygy ýola goymak"
Kerki etrap häkimliginiň hünär-tehniki okuw mekdebi,15,"""Türkmenistanda ylym ulgamyny ösdürmegiň 2024-2025-nji ýyllar üçin strategiýasyna"" esaslanyp hünär-tehniki okuw mekdepleri ösdürmegiň strategiýasyny işläp taýýarlamaly hem-de bu babatda hünär-tehniki okuw mekdepleriniň arasynda ýakyn arabaglanyşygy ýola goymak"
Kerki etrap häkimliginiň hünär-tehniki okuw mekdebi,17,"2024-nji  ýylyň  24-nji  sentýabrynda  geçirilen  Týrkmenistanyň  Halk  Maslahatynyň  mejlisinde  Gahryman  Arkadagymyzyň  ""Täze  döwür  amala  aşyrýan  özgertmeleri  has-da  giňeldip,  jemgyýetimiziň  aň-bilim  baradaky""  çykyşlaryny  ýaşlaryň  arasynda  işläp  geçmek"
Türkmenistanyň Ministrler Kabinetiniň ýanyndaky Ulag we kommunikasiýalar agentliginiň “Türkmendemirýollary” agentliginiň Türkmenabat şäherindäki demir ýol hünär-tehniki okuw mekdebi,1,Düşündiriş maslahatlaryny ýygy-ýygydan geçmeli
Türkmenistanyň Ministrler Kabinetiniň ýanyndaky Ulag we kommunikasiýalar agentliginiň “Türkmendemirýollary” agentliginiň Türkmenabat şäherindäki demir ýol hünär-tehniki okuw mekdebi,3,"Sanly ulgama geçmek, kämilleşdirmek"
Türkmenistanyň Gurluşyk we binagärlik ministrliginiň Türkmenabat gurluşyk hünär-tehniki okuw mekdebi,6,Hünär tehniki okuw mekdepleriň ýeketäk saýtyny döretmek.
Türkmenistanyň Gurluşyk we binagärlik ministrliginiň Türkmenabat gurluşyk hünär-tehniki okuw mekdebi,11,Ýokary synp okuwçylaryň hünär okuwlaryny we sapaklaryny hünär tehniki okuw mekdeplerinde okamaga şert döretmek.
Türkmenistanyň Gurluşyk we binagärlik ministrliginiň Türkmenabat gurluşyk hünär-tehniki okuw mekdebi,15,Ýaragly güýçleriň harby bölümlerinde harby gullugyny geçýän ýaşlaryň arasynda hünäre ugrukdyryş işlerini güýçlendirmek.
Hojambaz etrap häkimliginiň  hünär-tehniki okuw mekdebi,11,Hünär tehniki okuw mekdeplerini ylym-bilim önümçilik arabaglanyşygynyň kämil usulyny döretmek üçin býujete geçirmegi teklip edýäris.